,구,동,구분,단지명,세대수,사용검사일,주소,위도,경도,자동차수,충전기수
0,기흥구,동백동,분양,신동백 두산위브더제니스,1187,20210630.0,경기도 용인시 기흥구 동백죽전대로 507,37.3068791,127.1307873,1305.7,27.0
1,수지구,죽전동,분양,죽전역 솔하임,234,20210309.0,경기도 용인시 수지구 정든로 5,37.3285451,127.1147347,257.40000000000003,6.0
2,수지구,상현동,분양,광교상현 솔하임,224,20210204.0,경기도 용인시 수지구 상현로 6,37.3025152,127.0746681,246.40000000000003,5.0
3,수지구,성복동,분양,성복역 롯데캐슬 클라시엘(파크나인2차),1094,20210129.0,경기도 용인시 수지구 성복1로 35,37.3196014,127.0617329,1203.4,25.0
4,수지구,죽전동,분양,까뮤이스테이트,193,20200831.0,경기도 용인시 수지구 용구대로 2793,37.33511645,127.10936054487001,212.3,5.0
5,수지구,성복동,분양,성복역롯데캐슬파크나인1차,534,20200630.0,경기도 용인시 성복1로 13,37.31846835,127.06247587844518,587.4000000000001,12.0
6,수지구,동천동,분양,더샵 동천이스트포레,980,20200814.0,경기도 용인시 수지구 수풍로 89,37.3279766,127.0910384,1078.0,22.0
7,수지구,상현동,분양,상현더샵파크사이드,479,20190828.0,경기도 용인시 수지구 만현로67번길 20,37.3093987,127.0878009,526.9000000000001,11.0
8,기흥구,영덕동,분양,기흥힉스유타워,230,20191101.0,경기도 용인시 기흥구 중부대로 184,37.2665761,127.1351027,253.00000000000003,6.0
9,기흥구,신갈동,분양,이안두드림,297,2019910.0,경기도 용인시 기흥구 중부대로 376,37.2665761,127.1351027,326.70000000000005,7.0
10,수지구,동천동,분양,동천파크자이,388,20190730.0,경기도 용인시 수지구 동천로153번길 79,37.3311648,127.0896719,426.8,9.0
11,수지구,성복동,분양,성복역 롯데캐슬 골드타운,2356,20190630.0,경기도 용인시 수지구 성복2로 10,37.3125196,127.0835068,2591.6000000000004,52.0
12,수지구,동천동,분양,동천자이2차,1057,20190530.0,경기도 용인시 수지구 고기로45번길 40-18,37.3415923,127.0939277,1162.7,24.0
13,기흥구,신갈동,분양,신흥덕 롯데캐슬레이시티,1597,20190429.0,경기도 용인시 기흥구 신정로 25,37.3011135,127.103161,1756.7,36.0
14,처인구,역북동,분양,역북신원아침도시,452,20190201.0,경기도 용인시 처인구 낙은로 11,37.2429352,127.1952091,497.20000000000005,10.0
15,처인구,김량장동,분양,용인 에스원 스마트빌,299,20140630.0,경기도 용인시 백옥대로 1104,37.3068472,127.237604,328.90000000000003,7.0
16,수지구,풍덕천동,분양,수지파크푸르지오,430,20190328.0,경기도 용인시 수지구 풍덕천로171번길 9,37.3258793,127.0995279,473.00000000000006,10.0
17,수지구,성복동,분양,성복역KCC스위첸,188,20190322.0,경기도 용인시 수지구 성복1로 62,37.3196014,127.0617329,206.8,5.0
18,처인구,김량장동,분양,유메이드 주상복합,299,20170210.0,경기도 용인시 처인구 금령로 43,37.2351079,127.2010986,328.90000000000003,7.0
19,수지구,성복동,분양,용인성복서희스타힐스애비뉴,174,20180921.0,경기도 용인시 수지구 성복1로 80,37.3196014,127.0617329,191.4,4.0
20,수지구,신봉동,분양,수지신봉동도센트리움,184,20190131.0,경기도 용인시 수지구 신봉3로 6,37.3280451,127.0677934,202.4,5.0
21,수지구,풍덕천동,분양,한샘 더랜드마크,220,20181129.0,경기도 용인시 수지구 포은대로 477,37.2990184,127.0638181,242.00000000000003,5.0
22,수지구,동천동,분양,동천 자이,1437,20180830.0,경기도 용인시 수지구 동천동 고기로 89,37.3426472,127.0975365,1580.7,32.0
23,수지구,죽전동,분양,죽전 효성해링턴플레이스,113,20180228.0,경기도 용인시 수지구 용구대로 2750,37.3311898,127.1098971,124.30000000000001,3.0
24,기흥구,신갈동,분양,기흥우방아이유쉘,400,20180823.0,경기도 용인시 신정로41번길 31,37.2777465,127.1001766,440.00000000000006,9.0
25,기흥구,동백동,분양,동백라온프라이빗 테리스파크,133,20180803.0,경기도 용인시 기흥구 동백8로 160,37.2852759,127.1552288,146.3,3.0
26,처인구,고림동,분양,양우내안애 에듀파크 아파트,737,20180427.0,경기도 용인시 경안천로 112,37.2422905,127.214091,810.7,17.0
27,수지구,성복동,분양,광교상현 꿈에그린,639,20180228.0,경기도 용인시 수지로 17,37.3053521,127.0734646,702.9000000000001,15.0
28,처인구,역북동,분양,역북 지웰푸르지오,1259,20171124.0,경기도 용인시 명지로40번길 35-16,37.2300305,127.1836045,1384.9,28.0
29,기흥구,서천동,분양,서천효성해링턴플레이스,458,20171101.0,경기도 용인시 기흥구 서그내로 31,37.2452093,127.0738492,503.80000000000007,11.0
30,처인구,역북동,분양,골드클래스,623,20170929.0,경기도 용인시 처인구 명지로40번길 35-29,37.2300305,127.1836045,685.3000000000001,14.0
31,기흥구,동백동,분양,동백코아루스칸디나하우스,98,20170728.0,경기도 용인시 동백7로 128,37.282445,127.1583908,107.80000000000001,3.0
32,기흥구,서천동,분양,영통로 효성해링턴플레이스,640,20170629.0,경기도 용인시 서그내로16번길 30,37.2441747,127.0692172,704.0,15.0
33,수지구,상현동,분양,레이크포레,235,20170623.0,경기도 용인시 광교호수로 431,37.3026799,127.0841428,258.5,6.0
34,수지구,상현2동,분양,수지 동도센트리움,168,20170331.0,경기도 용인시 수지구 이현로 125,37.3122455,127.0913209,184.8,4.0
35,처인구,역북동,임대,역북2단지 우남퍼스트빌,505,20161024.0,용인시 처인구 낙은로 59,37.30410985,127.08027223092887,555.5,12.0
36,처인구,역북동,임대,역북1단지 우남퍼스트빌,409,20161024.0,용인시 처인구 낙은로 60,37.237902,127.0776234,449.90000000000003,9.0
37,기흥구,중동,분양,신동백 동도센트리움,254,20161214.0,경기도 용인시 기흥구 언동로 201,37.3220175,127.1021596,279.40000000000003,6.0
38,기흥구,마북동,분양,구성역 효성해링턴 플레이스,296,20161123.0,경기도 용인시 기흥구 구성로 53번길 20,37.3279766,127.0910384,325.6,7.0
39,기흥구,서천동,분양,힐스테이트 서천,754,20160929.0,용인시 기흥구 서천동로 22,37.323921,127.0948439,829.4000000000001,17.0
40,처인구,천리,분양,용인 에이스카운티,430,20160808.0,경기도 용인시 처인구 이동읍 백옥대로 737,37.3271735,127.0855843,473.00000000000006,10.0
41,수지구,상현동,분양,용인 수지 휴엔하임,112,20160411.0,경기도 용인시 수지구 상현로 152,37.3279766,127.0910384,123.20000000000002,3.0
42,기흥구,서천동,분양,서천2차IPARK,289,20160226.0,경기도 용인시 기흥구 서천동로21번길 11-22,37.3124268,127.0787946,317.90000000000003,7.0
43,수지구,풍덕천동,분양,래미안수지 이스트파크,845,20151029.0,경기도 용인시 수지구 신수로683번길 19,37.3279766,127.0910384,929.5000000000001,19.0
44,기흥구,보정동 ,분양,보정동 샬레파인비스타,155,20151112.0,경기도 용인시 기흥구 진산로 140,37.3124268,127.0787946,170.5,4.0
45,수지구,풍덕천동,분양,수지 삼성 1차아파트,576,19941220.0,경기도 용인시 수지구 수풍로 13,37.3331569,127.0960666,633.6,13.0
46,수지구,풍덕천동,분양,수지 한성아파트,774,19950328.0,경기도 용인시 수지구 문정로 55,37.3333285,127.1056551,851.4000000000001,18.0
47,수지구,풍덕천동,분양,수지 건영아파트,190,19950224.0,경기도 용인시 수지구 수풍로23번길 25,37.3278186,127.1291756,209.00000000000003,5.0
48,수지구,풍덕천동,분양,수지 삼성2차아파트,420,19951206.0,경기도 용인시 수지구 수풍로 38,37.3264335,127.1184717,462.00000000000006,10.0
49,수지구,풍덕천동,분양,수지 보원아파트,619,19941222.0,경기도 용인시 수지구 수풍로 16,37.3279766,127.0910384,680.9000000000001,14.0
50,수지구,풍덕천동,분양,수지 동부아파트,612,19950731.0,경기도 용인시 수지구 수지로 323,37.3258793,127.0995279,673.2,14.0
51,수지구,풍덕천동,분양,수지 동문아파트,368,19941220.0,경기도 용인시 수지구 수풍로 47,37.3171729,127.0867672,404.8,9.0
52,수지구,풍덕천동,분양,우성그린빌,100,19970830.0,경기도 용인시 수지구 수지로 398,37.3168587,127.0874755,110.00000000000001,3.0
53,수지구,풍덕천동,분양,수지 삼익풍림동아 아파트,1620,19941220.0,경기도 용인시 수지구 문인로 59,37.3279766,127.0910384,1782.0000000000002,36.0
54,수지구,죽전동,분양,도담마을 휴먼빌,260,20100611.0,경기도 용인시 수지구 대지로 77,37.3258377,127.0967851,286.0,6.0
55,수지구,죽전동,분양,죽전역 월드메르디앙,104,20100527.0,경기도 용인시 수지구 달맞이로 13,37.3124268,127.0787946,114.4,3.0
56,수지구,풍덕천동,분양,수지 동보4차아파트,174,20000428.0,경기도 용인시 수지구 풍덕천로30번길 20,37.3174854,127.0965414,191.4,4.0
57,수지구,풍덕천동,분양,수지 동보3차아파트,279,19990326.0,경기도 용인시 수지구 정평로13번길 20,37.3244962,127.098123,306.90000000000003,7.0
58,수지구,풍덕천동,분양,수지 삼성4차아파트,1137,19941220.0,경기도 용인시 수지구 수풍로 90,37.3244962,127.098123,1250.7,26.0
59,수지구,풍덕천동,분양,수지 한국아파트,416,19950619.0,경기도 용인시 수지구 정평로 116,37.3244962,127.098123,457.6,10.0
60,수지구,풍덕천동,분양,수지 현대1차아파트,1168,19941220.0,경기도 용인시 수지구 수지로342번길 18,37.3244962,127.098123,1284.8000000000002,26.0
61,수지구,풍덕천동,분양,정자뜰마을 태영데시앙 1차아파트,648,20040423.0,경기도 용인시 수지구 수지로 166,37.3188145,127.0868435,712.8000000000001,15.0
62,수지구,풍덕천동,분양,진산마을 삼성7차,501,20021109.0,경기도 용인시 수지구 진산로34번길 29,37.318993,127.085118,551.1,12.0
63,수지구,풍덕천동,분양,진산마을 삼성6차,343,20020221.0,경기도 용인시 수지구 진산로 108,37.325273,127.0953972,377.3,8.0
64,수지구,풍덕천동,분양,진산마을 삼성5차,1828,20030728.0,경기도 용인시 수지구 진산로 90,37.325273,127.0953972,2010.8000000000002,41.0
65,수지구,풍덕천동,분양,신정마을 현대성우A,1239,19991119.0,경기도 용인시 수지구 풍덕천로 52,37.3225394,127.0884924,1362.9,28.0
66,수지구,풍덕천동,분양,신정마을 9단지 주공A,812,20000504.0,경기도 용인시 수지구 풍덕천로 76,37.3233488,127.0899475,893.2,18.0
67,수지구,풍덕천동,분양,신정마을 주공1단지아파트,1044,20000331.0,경기도 용인시 수지구 풍덕천로 91,37.3244962,127.098123,1148.4,23.0
68,수지구,풍덕천동,분양,신정마을 7단지상록,670,20000131.0,경기도 용인시 수지구 풍덕천로 75,37.3149192,127.0937358,737.0000000000001,15.0
69,수지구,풍덕천동,분양,신정마을 6단지상록,393,20000131.0,경기도 용인시 수지구 풍덕천로 33,37.3142718,127.0826103,432.3,9.0
70,수지구,풍덕천동,분양,신정마을 진흥아파트,414,19991213.0,경기도 용인시 수지구 풍덕천로 19,37.3235818,127.1008171590469,455.40000000000003,10.0
71,수지구,풍덕천동,분양,신정마을 우성A,443,20000513.0,경기도 용인시 수지구 정평로 41,37.329649,127.0693699,487.3,10.0
72,수지구,풍덕천동,분양,신정마을 성지A,538,20000527.0,경기도 용인시 수지구 정평로 61,37.3280603,127.0750061,591.8000000000001,12.0
73,수지구,풍덕천동,분양,신정마을 극동.임광A,424,20000526.0,경기도 용인시 수지구 정평로 73,37.3415099,127.0993801,466.40000000000003,10.0
74,수지구,풍덕천동,분양,신정마을 현대프라임,462,20000229.0,경기도 용인시 수지구 정평로 89,37.32935795,127.12716176690176,508.20000000000005,11.0
75,수지구,풍덕천동,분양,수지 동보1차아파트,470,19950407.0,경기도 용인시 수지구 풍덕천로 161  ,37.3269601,127.1244861480497,517.0,11.0
76,수지구,풍덕천동,분양,수지진산마을푸르지오,438,20120727.0,경기도 용인시 수지구 진산로34번길 24,37.3223284,127.1130322,481.8,10.0
77,수지구,풍덕천동,분양,정자뜰마을 태영데시앙 2차아파트,249,20060418.0,경기도 용인시 수지구 풍덕천로22번길 67,37.3295164,127.1332921,273.90000000000003,6.0
78,수지구,풍덕천동,분양,수지푸르지오 월드마크,198,20130524.0,경기도 용인시 수지구 포은대로 467,37.2961016,127.076756,217.8,5.0
79,수지구,신봉동,분양,광교산 자이아파트,445,20150423.0,경기도 용인시 수지구 신봉2로 93,37.2961016,127.076756,489.50000000000006,10.0
80,수지구,신봉동,분양,수지웰스톤시티,265,20150423.0,경기도 용인시 수지구 신봉2로 60,37.3262579,127.0736731,291.5,6.0
81,수지구,죽전동,임대,내대지마을 주공2단지아파트,136,20050720.0,경기도 용인시 수지구 대지로 158 ,37.3126925,127.0789381,149.60000000000002,3.0
82,수지구,죽전동,임대,성현마을 주공3단지아파트,388,20050720.0,경기도 용인시 수지구 죽전로193번길 11 ,37.3126925,127.0789381,426.8,9.0
83,수지구,죽전동,임대,도담마을 주공8단지아파트,643,20050805.0,경기도 용인시 수지구 죽전로27번길 60  ,37.3196014,127.0617329,707.3000000000001,15.0
84,수지구,죽전동,임대,내대지마을 주공아파트,225,20060417.0,경기도 용인시 수지구 디지털벨리로 21 ,37.3143159,127.0700016,247.50000000000003,5.0
85,수지구,상현동,임대,휴먼시아아파트(광교),1117,20111116.0,경기도 용인시 수지구 광교마을로 90 ,37.3333285,127.1056551,1228.7,25.0
86,수지구,상현동,임대,광교마을 45단지,672,20140129.0,경기도 용인시 수지구 광교마을로 11,37.318,127.0591696,739.2,15.0
87,수지구,신봉동,분양,신봉마을 LG빌리지5차 A단지,532,20020831.0,경기도 용인시 수지구 신봉1로 110,37.321986,127.0797096,585.2,12.0
88,수지구,신봉동,분양,신봉마을 동부센트레빌 6단지,450,20100924.0,경기도 용인시 수지구 신봉1로 216,37.329649,127.0693699,495.00000000000006,10.0
89,수지구,성복동,분양,성동마을 LG빌리지2차,758,20010303.0,경기도 용인시 수지구 수지로113번길 15,37.3333285,127.1056551,833.8000000000001,17.0
90,수지구,성복동,분양,성동마을 강남빌리지,428,20010219.0,경기도 용인시 수지구 수지로113번길 16,37.3317663,127.1214258,470.8,10.0
91,수지구,성복동,분양,용인 성복아이파크,351,20120717.0,경기도 용인시 수지구 성복1로 222,37.3273104,127.1087904,386.1,8.0
92,수지구,성복동,분양,버들치마을 성복 힐스테이트 1차,645,20110701.0,경기도 용인시 수지구 성복1로 91,37.3273104,127.1087904,709.5000000000001,15.0
93,수지구,죽전동,분양,창죽마을 수지 벽산2단지,684,19970927.0,경기도 용인시 수지구 용구대로2771번길 66,37.3350493,127.1071307,752.4000000000001,16.0
94,수지구,성복동,분양,버들치마을 성복자이2차,783,20111028.0,경기도 용인시 수지구 성복2로 251,37.3350493,127.1071307,861.3000000000001,18.0
95,수지구,신봉동,분양,신봉마을 LG빌리지5차 B단지,556,20020831.0,경기도 용인시 수지구 신봉1로 112-2,37.3322064,127.1101344,611.6,13.0
96,수지구,신봉동,분양,신봉마을 LG자이 1차,1990,20040217.0,경기도 용인시 수지구 신봉2로 26,37.32923025,127.11815084917876,2189.0,44.0
97,수지구,죽전동,분양,창죽마을 벽산첼시빌아파트,179,20010929.0,경기도 용인시 수지구 용구대로2771번길 88,37.3350493,127.1071307,196.9,4.0
98,수지구,죽전동,분양,대지마을 2차 현대홈타운 ,346,20010802.0,경기도 용인시 수지구 현암로 54,37.3248592,127.1166338,380.6,8.0
99,수지구,죽전동,분양,현암마을 대우넷씨빌아파트,119,20001013.0,경기도 용인시 수지구 용구대로 2724,37.3278186,127.1291756,130.9,3.0
100,수지구,죽전동,분양,현암마을 동성2차아파트,838,19990513.0,경기도 용인시 수지구 용구대로 2720,37.3278186,127.1291756,921.8000000000001,19.0
101,수지구,죽전동,분양,창죽마을 벽산4단지,465,19990317.0,경기도 용인시 수지구 용구대로2801번길 41,37.3278186,127.1291756,511.50000000000006,11.0
102,수지구,죽전동,분양,창죽마을 수지 벽산3단지(302-305동),266,19970924.0,경기도 용인시 수지구 용구대로2801번길 17,37.3281613,127.1256718,292.6,6.0
103,수지구,죽전동,분양,죽전아이뷰,432,19990830.0,경기도 용인시 수지구 현암로 3,37.3304502,127.1105883,475.20000000000005,10.0
104,수지구,죽전동,분양,도담마을 아이파크,360,19981218.0,경기도 용인시 수지구 대지로 82,37.3360919,127.1044575,396.00000000000006,8.0
105,수지구,죽전동,분양,창죽마을 수지 벽산3단지(301동),159,19970924.0,경기도 용인시 수지구 용구대로2801번길 16,37.3278186,127.1291756,174.9,4.0
106,수지구,죽전동,분양,도담마을 7단지 뜨리에체아파트,430,19990227.0,경기도 용인시 수지구 푸른솔로 49,37.3309747,127.0667775,473.00000000000006,10.0
107,수지구,죽전동,분양,대지마을 대주한신아파트,311,19980424.0,경기도 용인시 수지구 대지로 27,37.3243227,127.0809731,342.1,7.0
108,수지구,죽전동,분양,대지마을 수지길훈1차아파트,336,19990227.0,경기도 용인시 수지구 대지로 19,37.3235099,127.0831165,369.6,8.0
109,수지구,죽전동,분양,대지마을 죽전퍼스트하임,480,19990220.0,경기도 용인시 수지구 대지로 49,37.3234854,127.0818817,528.0,11.0
110,수지구,죽전동,분양,죽전 현대1차아파트,702,19990414.0,경기도 용인시 수지구 죽전로 244,37.3206602,127.081801,772.2,16.0
111,수지구,죽전동,분양,죽전 동성1차,684,19970619.0,경기도 용인시 수지구 용구대로 2742,37.321986,127.0797096,752.4000000000001,16.0
112,수지구,죽전동,분양,창죽마을 수지 벽산1단지,612,19970927.0,경기도 용인시 수지구 용구대로2771번길 68 ,37.3293637,127.0742298,673.2,14.0
113,수지구,죽전동,분양,내대지마을 용인죽전동부센트레빌,536,19981217.0,경기도 용인시 수지구 대지로 139,37.3209527,127.0785521,589.6,12.0
114,수지구,신봉동,분양,신봉마을 동부센트레빌 5단지,490,20100924.0,경기도 용인시 수지구 신봉1로 214,37.3278186,127.1291756,539.0,11.0
115,수지구,신봉동,분양,서홍마을 한일아파트,296,20031230.0,경기도 용인시 수지구 신봉1로48번길 29 ,37.3327473,127.1137096,325.6,7.0
116,수지구,신봉동,분양,서홍마을 벽산블루밍,246,20040126.0,경기도 용인시 수지구 신봉1로48번길 45,37.32574755,127.11767835,270.6,6.0
117,수지구,신봉동,분양,서홍마을 한화꿈에그린,404,20040120.0,경기도 용인시 수지구 신봉1로48번길 32,37.3278186,127.1291756,444.40000000000003,9.0
118,수지구,신봉동,분양,서홍마을 4단지(효성.현산),388,20040110.0,경기도 용인시 수지구 신봉1로 28,37.328391,127.0698677,426.8,9.0
119,수지구,신봉동,분양,서홍마을 우남퍼스트빌,962,20040114.0,경기도 용인시 수지구 신봉1로 27,37.3257981,127.0683901,1058.2,22.0
120,수지구,신봉동,분양,신봉마을 자이 2차아파트,1626,2005824.0,경기도 용인시 수지구 신봉2로 72,37.3262307,127.0658155,1788.6000000000001,36.0
121,수지구,신봉동,분양,신봉마을 자이3차,401,20070330.0,경기도 용인시 수지구 신봉1로71번길 25,37.3328798,127.1151562,441.1,9.0
122,수지구,죽전동,분양,내대지마을 죽전이편한세상아파트,141,20030828.0,경기도 용인시 수지구 대지로 148,37.3286144,127.0648305,155.10000000000002,4.0
123,수지구,죽전동,분양,대지마을 현대홈타운 3차 2단지,537,20030404.0,경기도 용인시 수지구 대지로15번길 60 ,37.3285451,127.1147347,590.7,12.0
124,수지구,죽전동,분양,도담마을  현대홈타운 4차 1단지,351,20030402.0,경기도 용인시 수지구 푸른솔로 55,37.3147153,127.0785801,386.1,8.0
125,수지구,죽전동,분양,도담마을 롯데캐슬,231,20020329.0,경기도 용인시 수지구 대지로 64,37.3147153,127.0785801,254.10000000000002,6.0
126,수지구,신봉동,분양,신봉마을 동부센트레빌1단지,298,20100503.0,경기도 용인시 수지구 신봉1로172번길 8,37.3415982,127.0987587,327.8,7.0
127,수지구,신봉동,분양,신봉마을 동일하이빌2단지,232,20100622.0,경기도 용인시 수지구 신봉3로11번길 10-7,37.33995,127.097366,255.20000000000002,6.0
128,수지구,신봉동,분양,신봉마을 동일하이빌3단지,594,20100917.0,경기도 용인시 수지구 신봉3로 25,37.3412194,127.0971952,653.4000000000001,14.0
129,수지구,죽전동,분양,대지마을 중앙하이츠빌,271,20011110.0,경기도 용인시 수지구 현암로63번길 2,37.3359152,127.0854465,298.1,6.0
130,수지구,신봉동,분양,신봉마을 동일하이빌 4단지,636,20101004.0,경기도 용인시 수지구 신봉3로12번길 9,37.3365954,127.0890317,699.6,14.0
131,수지구,죽전동,분양,도담마을 죽전파크빌,561,19970614.0,경기도 용인시 수지구 정든로 22,37.3311648,127.0896719,617.1,13.0
132,수지구,성복동,분양,성동마을 수지자이2차,500,20100927.0,경기도 용인시 수지구 성복2로 184,37.3370339,127.0912812,550.0,11.0
133,수지구,성복동,분양,버들치마을 성복 힐스테이트 3차,823,20100606.0,경기도 용인시 수지구 성복2로 220,37.3124268,127.0787946,905.3000000000001,19.0
134,수지구,동천동 ,분양,보뜨랑마을 벽산블루밍아파트,182,20041112.0,경기도 용인시 수지구 신수로783번길 50,37.2966082,127.0731551,200.20000000000002,5.0
135,수지구,동천동 ,분양,동천마을동문굿모닝힐6차,220,20090915.0,경기도 용인시 수지구 동천로 53,37.3008568,127.0757415,242.00000000000003,5.0
136,수지구,동천동 ,분양,동천마을동문굿모닝힐5차,1334,20090911.0,경기도 용인시 수지구 동천로 64,37.2975266,127.0744814,1467.4,30.0
137,수지구,동천동 ,분양,한빛마을 래미안이스트팰리스 4단지,620,20100531.0,경기도 용인시 수지구 동천로153번길 6,37.2961016,127.076756,682.0,14.0
138,수지구,동천동 ,분양,한빛마을 래미안이스트팰리스 3단지,885,20100531.0,경기도 용인시 수지구 동천로135번길 21,37.3069612,127.0740661,973.5000000000001,20.0
139,수지구,동천동 ,분양,한빛마을 래미안이스트팰리스 1단지,460,20100531.0,경기도 용인시 수지구 동천로153번길 7,37.3026709,127.0785225,506.00000000000006,11.0
140,수지구,동천동 ,분양,한빛마을 래미안이스트팰리스 2단지,428,20100531.0,경기도 용인시 수지구 동천로113번길 10,37.3042216,127.0776935,470.8,10.0
141,수지구,상현동,분양,심곡마을 광교힐스테이트,860,20091029.0,경기도 용인시 수지구 수지로 75,37.3045451,127.0793576,946.0000000000001,19.0
142,수지구,상현동,분양,광교마을 웅진스타클래스 1단지,168,20111228.0,경기도 용인시 수지구 법조로 251,37.3026709,127.0785225,184.8,4.0
143,수지구,상현동,분양,광교마을 웅진스타클래스 2단지,220,20111228.0,경기도 용인시 수지구 법조로 252,37.3026709,127.0785225,242.00000000000003,5.0
144,수지구,상현동,분양,광교경남아너스빌,700,20111130.0,경기도 용인시 수지구 광교마을로 2,37.3029093,127.0801526,770.0000000000001,16.0
145,수지구,상현동,분양,광교마을 상록자이 아파트,1035,20120727.0,경기도 용인시 수지구 광교마을로 62,37.3024198,127.0806231,1138.5,23.0
146,수지구,상현동,분양,심곡마을 현대프레미오아파트,300,20010212.0,경기도 용인시 수지구 수지로 41,37.3024198,127.0806231,330.0,7.0
147,수지구,상현동,분양,상현마을 쌍용1차아파트(A단지),421,20011205.0,경기도 용인시 수지구 상현로 27,37.3053521,127.0807309,463.1,10.0
148,수지구,상현동,분양,상현마을 현대성우2차아파트,198,20011226.0,경기도 용인시 수지구 상현로11번길 26,37.305808600000006,127.08298395371156,217.8,5.0
149,수지구,상현동,분양,상현마을 금호베스트빌1단지,573,20010331.0,경기도 용인시 수지구 상현로 59,37.3026709,127.0785225,630.3000000000001,13.0
150,수지구,상현동,분양,상현마을 쌍용2차아파트(B단지),315,20011205.0,경기도 용인시 수지구 상현로 30-6,37.3086734,127.0846013,346.5,7.0
151,수지구,상현동,분양,상현마을 쌍용3차아파트(C단지),251,20011205.0,경기도 용인시 수지구 상현로 30-9,37.2990184,127.0638181,276.1,6.0
152,수지구,상현동,분양,상현마을 금호베스트빌2단지,407,20010331.0,경기도 용인시 수지구 상현로 58,37.2990184,127.0638181,447.70000000000005,9.0
153,수지구,상현동,분양,상현마을 금호베스트빌3단지,159,20020227.0,경기도 용인시 수지구 상현로42번길 40,37.3026709,127.0785225,174.9,4.0
154,수지구,상현동,분양,상현마을 동일스위트,312,20011231.0,경기도 용인시 수지구 상현로42번길 46,37.3069962,127.0782904,343.20000000000005,7.0
155,수지구,상현동,분양,상현마을 금호 베스트빌4단지,224,20020227.0,경기도 용인시 수지구 상현로 67-12,37.3097216,127.079244,246.40000000000003,5.0
156,수지구,상현동,분양,상현마을 수지센트럴아이파크,895,20060828.0,경기도 용인시 수지구 상현로 101,37.3415982,127.0987587,984.5000000000001,20.0
157,수지구,상현동,분양,상현마을 성우5차아파트 ,310,20031021.0,경기도 용인시 수지구 상현로 119-6,37.3499956,127.0860639,341.0,7.0
158,수지구,상현동,분양,상현마을 현대2차아파트,498,20011221.0,경기도 용인시 수지구 상현로 2,37.3361755,127.1009937,547.8000000000001,11.0
159,수지구,상현동,분양,서원마을 현대홈타운아파트,462,20010217.0,경기도 용인시 수지구 포은대로 231,37.318291099999996,127.06428429615647,508.20000000000005,11.0
160,수지구,상현동,분양,서원마을 3단지 아이파크,438,20020906.0,경기도 용인시 수지구 포은대로 219 ,37.319083,127.0657429,481.8,10.0
161,수지구,상현동,분양,상현마을 성원상떼빌아파트,968,20021216.0,경기도 용인시 수지구 상현로 30-10,37.315569,127.0608299,1064.8000000000002,22.0
162,수지구,상현동,분양,서원마을 금호베스트빌 5단지,890,20021204.0,경기도 용인시 수지구 심곡로 16,37.3144422,127.0623748,979.0000000000001,20.0
163,수지구,상현동,분양,풍산아파트,438,19971117.0,경기도 용인시 수지구 수지로78번길 20,37.3147153,127.0785801,481.8,10.0
164,수지구,동천동 ,분양,동천마을 영풍아파트,149,20030714.0,경기도 용인시 수지구 신수로783번길 22,37.3163269,127.0795161,163.9,4.0
165,수지구,동천동 ,분양,원천마을 푸르지오아파트,190,20030429.0,경기도 용인시 수지구 고기로 3,37.3147153,127.0785801,209.00000000000003,5.0
166,수지구,동천동 ,분양,수진마을 신명스카이뷰,262,20040117.0,경기도 용인시 수지구 손곡로 53,37.3147153,127.0785801,288.20000000000005,6.0
167,수지구,성복동,분양,버들치마을 성복 힐스테이트 2차,689,20100606.0,경기도 용인시 수지구 성복1로164번길 13,37.32245185,127.0627070604572,757.9000000000001,16.0
168,수지구,성복동,분양,버들치마을 성복자이1차,719,20100603.0,경기도 용인시 수지구 성복1로164번길 20,37.3107401,127.0818587,790.9000000000001,16.0
169,수지구,성복동,분양,버들치마을 경남아너스빌 2차,214,20100331.0,경기도 용인시 수지구 성복1로163번길 11,37.3147153,127.0785801,235.4,5.0
170,수지구,성복동,분양,버들치마을 경남아너스빌 1차,816,20070614.0,경기도 용인시 수지구 성복1로 157,37.304242,127.0899797,897.6,18.0
171,수지구,성복동,분양,성동마을 수지자이아파트,680,20060530.0,경기도 용인시 수지구 성복2로 174,37.3096551,127.0902148,748.0000000000001,15.0
172,수지구,성복동,분양,푸른마을 푸르지오아파트,430,20041022.0,경기도 용인시 수지구 성복2로76번길 31,37.3147528,127.0872644,473.00000000000006,10.0
173,수지구,성복동,분양,성동마을 LG빌리지 6차,956,20030326.0,경기도 용인시 수지구 성복2로 158,37.3147528,127.0872644,1051.6000000000001,22.0
174,수지구,성복동,분양,성동마을 LG빌리지3차,1234,20020828.0,경기도 용인시 수지구 성복2로 126,37.3147528,127.0872644,1357.4,28.0
175,수지구,성복동,분양,성남마을 벽산첼시빌2,951,20021031.0,경기도 용인시 수지구 성복1로 107,37.3026709,127.0785225,1046.1000000000001,21.0
176,수지구,성복동,분양,수지제일아이조움,133,20120719.0,경기도 용인시 수지구 심곡로 87,37.3093987,127.0878009,146.3,3.0
177,수지구,성복동,분양,성동마을 LG빌리지1차,1164,20010219.0,경기도 용인시 수지구 성복2로 86,37.3026709,127.0785225,1280.4,26.0
178,수지구,상현동,분양,만현마을 9단지 엘지자이아파트,1034,20030627.0,경기도 용인시 수지구 만현로133번길 33,37.3147528,127.0872644,1137.4,23.0
179,수지구,상현동,분양,만현마을 3단지 성원상떼빌,554,20020830.0,경기도 용인시 수지구 만현로67번길 19,37.303458899999995,127.08506714999999,609.4000000000001,13.0
180,수지구,상현동,분양,만현마을 8단지 두산위브,556,20020826.0,경기도 용인시 수지구 만현로 127,37.3147528,127.0872644,611.6,13.0
181,수지구,상현동,분양,만현마을 1단지 롯데캐슬아파트,992,20020918.0,경기도 용인시 수지구 만현로 25,37.3131086,127.092531,1091.2,22.0
182,수지구,상현동,분양,만현마을 5단지아이파크,528,20020430.0,경기도 용인시 수지구 만현로 79,37.2990184,127.0638181,580.8000000000001,12.0
183,수지구,상현동,분양,만현마을 10단지 아이파크,584,20020718.0,경기도 용인시 수지구 상현로 142,37.3382136,127.0936442,642.4000000000001,13.0
184,수지구,상현동,분양,만현마을 2단지아이파크,404,20020430.0,경기도 용인시 수지구 만현로67번길 9 ,37.3397237,127.0990181,444.40000000000003,9.0
185,수지구,상현동,분양,상현마을 현대성우3차아파트,336,20020425.0,경기도 용인시 수지구 상현로 88,37.3393209,127.0968411,369.6,8.0
186,수지구,상현동,분양,만현마을 쌍용3차,375,20010928.0,경기도 용인시 수지구 만현로 99,37.3361755,127.1009937,412.50000000000006,9.0
187,수지구,상현동,분양,상현마을 현대성우1차,470,20010915.0,경기도 용인시 수지구 상현로 100,37.3361755,127.1009937,517.0,11.0
188,수지구,상현동,분양,만현마을 쌍용1차아파트,992,20010619.0,경기도 용인시 수지구 만현로 107,37.3355934,127.0947149,1091.2,22.0
189,수지구,상현동,분양,수지 성원아파트,1744,19971220.0,경기도 용인시 수지구 진산로 24,37.3323336,127.1112499,1918.4,39.0
190,수지구,상현동,분양,만현마을 동보2차아파트,702,19980509.0,경기도 용인시 수지구 포은대로 298,37.3322915,127.1123431,772.2,16.0
191,수지구,동천동 ,분양,동천마을 동문3차아파트,181,20011107.0,경기도 용인시 수지구 동천로 93,37.3344424,127.1112336,199.10000000000002,4.0
192,수지구,동천동 ,분양,동천마을 현대1차홈타운,466,20020429.0,경기도 용인시 수지구 수지로 487,37.3276495,127.122341233198,512.6,11.0
193,수지구,동천동 ,분양,동천마을 현대2차홈타운,1128,20020417.0,경기도 용인시 수지구 동천로63번길 10,37.3248592,127.1166338,1240.8000000000002,25.0
194,수지구,동천동 ,분양,수진마을 써니밸리아파트,627,20040126.0,경기도 용인시 수지구 손곡로 82,37.3248592,127.1166338,689.7,14.0
195,수지구,동천동 ,분양,수진마을 2단지(효성.현산),344,20040110.0,경기도 용인시 수지구 손곡로 54,37.3248592,127.1166338,378.40000000000003,8.0
196,수지구,동천동 ,분양,수진마을 우미이노스빌,396,20040120.0,경기도 용인시 수지구 손곡로 67,37.3248592,127.1166338,435.6,9.0
197,수지구,죽전동,분양,인현마을 현대홈타운(101-105),162,20040916.0,경기도 용인시 수지구 탄천상로 7,37.3223284,127.1130322,178.20000000000002,4.0
198,수지구,죽전동,분양,인현마을 현대홈타운(201-206),194,20040916.0,경기도 용인시 수지구 탄천상로 6,37.3223284,127.1130322,213.4,5.0
199,수지구,죽전동,분양,현인마을 이-편한세상1단지,206,20060221.0,경기도 용인시 수지구 탄천상로 29,37.32105785,127.11612605040865,226.60000000000002,5.0
200,수지구,죽전동,분양,성현마을 반도유보라,637,20040630.0,경기도 용인시 수지구 죽전로193번길 35,37.3281613,127.1256718,700.7,15.0
201,수지구,죽전동,분양,도담마을 우미이노스빌 죽전1차,418,20041005.0,경기도 용인시 수지구 푸른솔로 88,37.3281613,127.1256718,459.8,10.0
202,수지구,죽전동,분양,도담마을 한양수자인,332,20041201.0,경기도 용인시 수지구 푸른솔로 76,37.3281613,127.1256718,365.20000000000005,8.0
203,수지구,죽전동,분양,꽃메마을 현대홈타운 (4차2단지),254,20040629.0,경기도 용인시 수지구 푸른솔로 56,37.3124268,127.0787946,279.40000000000003,6.0
204,수지구,죽전동,분양,도담마을 푸르지오아파트(601-602동),111,20041223.0,경기도 용인시 수지구 푸른솔로 41,37.3281613,127.1256718,122.10000000000001,3.0
205,수지구,죽전동,분양,꽃메마을 금강아파트,120,20040903.0,경기도 용인시 수지구 죽전로27번길 14-33,37.3281613,127.1256718,132.0,3.0
206,수지구,죽전동,분양,꽃메마을 한라신영프로방스,388,20040630.0,경기도 용인시 수지구 죽전로27번길 14-30,37.3295164,127.1332921,426.8,9.0
207,수지구,죽전동,분양,꽃메마을 현대홈타운 (4차 4단지),342,20040629.0,경기도 용인시 수지구 푸른솔로 20,37.3340969,127.1123065,376.20000000000005,8.0
208,수지구,죽전동,분양,꽃메마을 현대홈타운 (4차 3단지),770,20040629.0,경기도 용인시 수지구 죽전로 87,37.3352881,127.1247359,847.0000000000001,17.0
209,수지구,죽전동,분양,꽃메마을 한라프로방스 Ⅱ,195,20040630.0,경기도 용인시 수지구 죽전로 111,37.3281613,127.1256718,214.50000000000003,5.0
210,수지구,죽전동,분양,꽃메마을 아이파크,374,20040730.0,경기도 용인시 수지구 죽전로 121,37.3317663,127.1214258,411.40000000000003,9.0
211,수지구,상현동,분양,벽산블루밍아파트,631,19980831.0,경기도 용인시 수지구 수지로 68,37.331381199999996,127.122434,694.1,14.0
212,수지구,죽전동,분양,꽃메마을 극동스타클래스,196,20040630.0,경기도 용인시 수지구 죽전로 116,37.33089925,127.11977815,215.60000000000002,5.0
213,수지구,죽전동,분양,성현마을 우미이노스빌 (201-208동) 죽전2차,538,20041220.0,경기도 용인시 수지구 죽전로 143,37.3317663,127.1214258,591.8000000000001,12.0
214,수지구,죽전동,분양,성현마을 광명샤인빌 (401-403동) 죽전1차,192,20050203.0,경기도 용인시 수지구 디지털벨리로 5,37.3278186,127.1291756,211.20000000000002,5.0
215,수지구,죽전동,분양,현인마을 이-편한세상2단지,239,20060221.0,경기도 용인시 수지구 탄천상로 30,37.330083200000004,127.12676104221565,262.90000000000003,6.0
216,수지구,죽전동,분양,새터마을 죽전힐스테이트,1998,20040629.0,경기도 용인시 수지구 현암로125번길 11,37.332638349999996,127.12884065,2197.8,44.0
217,수지구,죽전동,분양,내대지마을 건영캐스빌,1254,20041125.0,경기도 용인시 수지구 죽전로 267,37.3324076,127.1298883,1379.4,28.0
218,수지구,죽전동,분양,새터마을 모아미래도 (301-305동),252,20050203.0,경기도 용인시 수지구 대지로 127,37.2438645,127.1050914,277.20000000000005,6.0
219,수지구,죽전동,분양,내대지마을 푸르지오아파트,142,20041029.0,경기도 용인시 수지구 죽전로 235,37.2398673,127.0689493,156.20000000000002,4.0
220,수지구,죽전동,분양,내대지마을 진흥더블파크,160,20040630.0,경기도 용인시 수지구 죽전로254번길 29,37.283071,127.1655209,176.0,4.0
221,수지구,죽전동,분양,내대지마을 광명샤인빌,91,20051010.0,경기도 용인시 수지구 죽전로254번길 39,37.2839261,127.1575426,100.10000000000001,3.0
222,기흥구,중동 ,분양,신동백 서해그랑블 2차,817,20140603.0,경기도 용인시 기흥구 언동로217번길 31,37.2706091,127.1339634,898.7,18.0
223,기흥구,공세동,임대,한보라마을 휴먼시아 7단지,851,20061124.0,경기도 용인시 기흥구 한보라2로 168 ,37.2883767,127.1110722,936.1,19.0
224,기흥구,농서동,임대,서천마을 휴먼시아 3단지(임대),980,20110517.0,경기도 용인시 기흥구 서천서로 125 ,37.2717225,127.0736214,1078.0,22.0
225,기흥구,동백동,임대,백현마을 7단지 주공그린빌,561,20060323.0,경기도 용인시 기흥구 동백8로 103 ,37.2717225,127.0736214,617.1,13.0
226,기흥구,동백동,임대,백현마을 9단지 주공그린빌,981,20060517.0,경기도 용인시 기흥구 동백8로131번길 20 ,37.2900639,127.1339697,1079.1000000000001,22.0
227,기흥구,신갈동,임대,녹원마을 새천년그린빌 3단지,693,20060320.0,경기도 용인시 기흥구 새천년로16번길 16 ,37.2665761,127.1351027,762.3000000000001,16.0
228,기흥구,영덕동,임대,흥덕마을 휴먼시아 3단지(임대),866,20090902.0,경기도 용인시 기흥구 흥덕2로 80 ,37.2665761,127.1351027,952.6,20.0
229,기흥구,영덕동,임대,흥덕마을 휴먼시아 4단지(임대),383,20090629.0,경기도 용인시 기흥구 흥덕2로 46 ,37.2754251,127.1427304,421.3,9.0
230,기흥구,중동 ,분양,동백 광명샤인빌,138,20140227.0,경기도 용인시 기흥구 언동로 193-12,37.2577914,127.1416701,151.8,4.0
231,기흥구,상갈동,분양,금화마을 주공그린빌4단지,742,20011012.0,경기도 용인시 기흥구 금화로58번길 10,37.2706091,127.1339634,816.2,17.0
232,기흥구,상갈동,분양,금화마을 주공그린빌 6단지,228,20010907.0,경기도 용인시 기흥구 금화로11번길 9,37.2677011,127.1368455,250.8,6.0
233,기흥구,상갈동,분양,금화마을 주공그린빌3단지,1070,20011008.0,경기도 용인시 기흥구 금화로11번길 10,37.2619359,127.1361457,1177.0,24.0
234,기흥구,상하동,분양,인정프린스아파트,367,19961220.0,경기도 용인시 기흥구 중부대로 820,37.2619359,127.1361457,403.70000000000005,9.0
235,기흥구,상하동,분양,용인 대우아파트,432,19970509.0,경기도 용인시 기흥구 중부대로 735,37.2754251,127.1427304,475.20000000000005,10.0
236,기흥구,상하동,분양,수원동마을 쌍용아파트,1342,20020530.0,경기도 용인시 기흥구 중부대로788번길 20,37.2769627,127.0711334,1476.2,30.0
237,기흥구,상하동,분양,강남마을 한라비발디,890,20040525.0,경기도 용인시 기흥구 강남동로 128,37.2674744,127.1567299,979.0000000000001,20.0
238,기흥구,상하동,분양,수원동마을 쌍용스윗닷홈 2단지(201-207),465,20041123.0,경기도 용인시 기흥구 중부대로788번길 15,37.312003,127.1009117,511.50000000000006,11.0
239,기흥구,상하동,분양,갈천마을 신일유토빌아파트,510,20041208.0,경기도 용인시 기흥구 어정로 62-7,37.2807251,127.1058435,561.0,12.0
240,기흥구,상하동,분양,지석마을 진흥더루벤스(1단지),200,20090313.0,경기도 용인시 기흥구 중부대로746번길 20,37.2219698,127.118273,220.00000000000003,5.0
241,기흥구,상하동,분양,지석마을 그대가 크레던스,554,20110401.0,경기도 용인시 기흥구 어정로 62-28,37.3192694,127.1136331,609.4000000000001,13.0
242,기흥구,서천동,분양,서그내마을 에스케이아파트,807,20020520.0,경기도 용인시 기흥구 예현로 15,37.3152573,127.1121144,887.7,18.0
243,기흥구,영덕동,임대,흥덕마을 휴먼시아 1단지(임대),1254,20090206.0,경기도 용인시 기흥구 흥덕1로79번길 7 ,37.320069000000004,127.1108656444493,1379.4,28.0
244,기흥구,중동 ,임대,초당마을 3단지 주공아파트,816,20060427.0,경기도 용인시 기흥구 동백중앙로 41 ,37.3152573,127.1121144,897.6,18.0
245,기흥구,보정동,분양,솔뫼마을 현대홈타운,382,20011220.0,경기도 용인시 기흥구 이현로30번길 7,37.3192694,127.1136331,420.20000000000005,9.0
246,기흥구,보정동,분양,연원마을 금호베스트빌,144,20020621.0,경기도 용인시 기흥구 용구대로 2442-2,37.3099023,127.1094087,158.4,4.0
247,기흥구,보정동,분양,연원마을 삼성명가타운아파트,424,20021213.0,경기도 용인시 기흥구 용구대로 2460,37.3152573,127.1121144,466.40000000000003,10.0
248,기흥구,보정동,분양,죽현마을 엘지자이,238,20040630.0,경기도 용인시 기흥구 보정로 88,37.3082398,127.1101066,261.8,6.0
249,기흥구,보정동,분양,죽전 누리에뜰(주상복합),200,20051230.0,경기도 용인시 기흥구 죽전로 20,37.30821,127.1118095,220.00000000000003,5.0
250,기흥구,보정동,분양,죽현마을 아이파크,1466,20040726.0,경기도 용인시 기흥구 보정로 87,37.3058748,127.1138625,1612.6000000000001,33.0
251,기흥구,보정동,분양,죽현마을 동원로얄듀크,706,20060427.0,경기도 용인시 기흥구 죽현로 12,37.3027329,127.1139839,776.6,16.0
252,기흥구,보정동,분양,신촌마을 현대포스홈타운 1단지,884,20040930.0,경기도 용인시 기흥구 용구대로2518번길 15,37.3017072,127.1095177,972.4000000000001,20.0
253,기흥구,보정동,분양,신촌마을 현대포스홈타운 2단지,423,20040930.0,경기도 용인시 기흥구 신촌로47번길 11,37.3393665,127.0940451,465.3,10.0
254,기흥구,보정동,분양,용인보정 꿈에그린아파트,379,20121030.0,경기도 용인시 기흥구 구교동로 17,37.2702781,127.0820446,416.90000000000003,9.0
255,기흥구,보정동,분양,연원마을 성원A,691,20001101.0,경기도 용인시 기흥구 연원로 49,37.2907983,127.1491694,760.1,16.0
256,기흥구,상갈동,분양,넥스빌아파트,142,19970626.0,경기도 용인시 기흥구 금화로108번길 21,37.2943364,127.1461213,156.20000000000002,4.0
257,기흥구,상갈동,분양,금화마을 주공그린빌5단지,681,20011016.0,경기도 용인시 기흥구 금화로82번길 17,37.2962509,127.1488303,749.1,15.0
258,기흥구,상갈동,분양,금화마을 대우현대아파트,664,20010620.0,경기도 용인시 기흥구 금화로82번길 14,37.2962509,127.1488303,730.4000000000001,15.0
259,수지구,동천동 ,분양,동문그린아파트,227,19981114.0,경기도 용인시 수지구 고기로45번길 58,37.2433786,127.0677362,249.70000000000002,5.0
260,수지구,동천동 ,분양,행림마을 진로아파트,269,20000411.0,경기도 용인시 수지구 고기로 11,37.2441747,127.0692172,295.90000000000003,6.0
261,수지구,동천동 ,분양,수지 풍림2차아파트,271,19981231.0,경기도 용인시 수지구 동천로 18,37.2768496,127.111252,298.1,6.0
262,기흥구,영덕동,임대,흥덕마을 12단지 신동아파밀리에,759,20091029.0,경기도 용인시 기흥구 흥덕3로 20 ,37.2849128,127.1470835,834.9000000000001,17.0
263,기흥구,청덕동,임대,구성 물푸레마을 휴먼시아 9단지,948,20080911.0,경기도 용인시 기흥구 구성로 392 ,37.2827063,127.1479847,1042.8000000000002,21.0
264,기흥구,청덕동,임대,구성 물푸레마을 휴먼시아 1단지,618,20080716.0,경기도 용인시 기흥구 구성2로 52 ,37.283354,127.1450797,679.8000000000001,14.0
265,기흥구,청덕동,임대,구성 물푸레마을 휴먼시아 2단지,389,20080603.0,경기도 용인시 기흥구 구성3로 37 ,37.2657819,127.0761335,427.90000000000003,9.0
266,기흥구,청덕동,임대,구성 물푸레마을 휴먼시아 5단지,712,20080603.0,경기도 용인시 기흥구 구성3로 38 ,37.249791,127.0870457,783.2,16.0
267,기흥구,서천동,분양,예현마을 현대홈타운,622,20021121.0,경기도 용인시 기흥구 예현로35번길 21,37.249791,127.0870457,684.2,14.0
268,기흥구,서천동,분양,서그내마을 서천아이파크,243,20090930.0,경기도 용인시 기흥구 서그내로16번길 14,37.2907983,127.1491694,267.3,6.0
269,기흥구,신갈동,분양,기흥 더샵 프라임뷰,612,20130903.0,경기도 용인시 기흥구 구갈로 71-18,37.2907983,127.1491694,673.2,14.0
270,기흥구,중동 ,분양,신동백서해그랑블1차아파트,236,20130726.0,경기도 용인시 기흥구 동백죽전대로527번길 81,37.2907983,127.1491694,259.6,6.0
271,기흥구,중동 ,분양,어정마을 롯데캐슬에코 2단지,868,20130620.0,경기도 용인시 기흥구 동백죽전대로527번길 67,37.2907983,127.1491694,954.8000000000001,20.0
272,기흥구,중동 ,분양,어정마을 롯데캐슬에코 1단지,1902,20130620.0,경기도 용인시 기흥구 동백죽전대로527번길 80,37.2997031,127.1503097,2092.2000000000003,42.0
273,기흥구,영덕동,분양,용인 청명 센트레빌,233,20130604.0,경기도 용인시 기흥구 영통로525번길 35,37.2878502,127.14077,256.3,6.0
274,기흥구,하갈동,분양,청명호수마을 신안인스빌1단지,829,20090608.0,경기도 용인시 기흥구 덕영대로 1871,37.2687093,127.1574487,911.9000000000001,19.0
275,기흥구,청덕동,분양,물푸레마을 용인구성호반베르디움,308,20080626.0,경기도 용인시 기흥구 구성로 411,37.2724036,127.155465,338.8,7.0
276,기흥구,청덕동,분양,구성 물푸레마을 휴먼시아 7단지,398,20090727.0,경기도 용인시 기흥구 구성로 395,37.2687093,127.1574487,437.8,9.0
277,기흥구,청덕동,분양,구성 물푸레마을 휴먼시아 6단지,367,20090727.0,경기도 용인시 기흥구 구성로 475,37.2767167,127.1574469,403.70000000000005,9.0
278,기흥구,청덕동,분양, 물푸레마을 4단지 경남아너스빌 ,240,20080618.0,경기도 용인시 기흥구 구성로 470,37.2907983,127.1491694,264.0,6.0
279,기흥구,청덕동,분양,구성 물푸레마을 휴먼시아 3단지,988,20081007.0,경기도 용인시 기흥구 구성3로 65,37.2778634,127.07877648618691,1086.8000000000002,22.0
280,기흥구,청덕동,분양,청덕마을 광도와이드빌아파트,476,20030808.0,경기도 용인시 기흥구 언동로71번길 64,37.2766283,127.1515743,523.6,11.0
281,기흥구,지곡동,분양,자봉마을 써니밸리아파트,1092,20041105.0,경기도 용인시 기흥구 사은로 274-22,37.2746338,127.1560631,1201.2,25.0
282,기흥구,중동 ,분양,어은목마을 대원칸타빌,432,20060419.0,경기도 용인시 기흥구 동백2로 37 ,37.2724036,127.155465,475.20000000000005,10.0
283,기흥구,중동 ,분양,어은목마을 한라비발디,248,20060227.0,경기도 용인시 기흥구 동백4로 72,37.2724036,127.155465,272.8,6.0
284,기흥구,중동 ,분양,성산마을 카운티스,96,20061026.0,경기도 용인시 기흥구 동백2로 108,37.2724036,127.155465,105.60000000000001,3.0
285,기흥구,중동 ,분양,백현마을 상록롯데캐슬,295,20070206.0,경기도 용인시 기흥구 동백5로 79,37.3068791,127.1307873,324.5,7.0
286,기흥구,언남동,분양,유원 휴 하임,149,20131017.0,경기도 용인시 기흥구 구성로 109,37.2900639,127.1339697,163.9,4.0
287,기흥구,영덕동,분양,흥덕마을8단지 한국아델리움아파트,474,20100806.0,경기도 용인시 기흥구 흥덕2로118번길 25,37.2687093,127.1574487,521.4000000000001,11.0
288,기흥구,중동 ,분양,성산마을 신영지웰,590,20060831.0,경기도 용인시 기흥구 동백5로 41,37.2687093,127.1574487,649.0,13.0
289,기흥구,중동 ,분양,성산마을 남광하우스토리,134,20071116.0,경기도 용인시 기흥구 동백5로 62,37.2642753,127.1586514,147.4,3.0
290,기흥구,중동 ,분양,성산마을 서해그랑블,564,20060427.0,경기도 용인시 기흥구 동백4로 26,37.2398673,127.0689493,620.4000000000001,13.0
291,기흥구,중동 ,분양,참솔마을 월드메르디앙,966,20060228.0,경기도 용인시 기흥구 동백죽전대로 283 ,37.2352614,127.0754885,1062.6000000000001,22.0
292,기흥구,중동 ,분양,어정마을 서희삼정아파트,390,20030517.0,경기도 용인시 기흥구 언동로 193-26,37.2769627,127.0711334,429.00000000000006,9.0
293,기흥구,중동 ,분양,어은목마을 코아루아파트,533,20060329.0,경기도 용인시 기흥구 동백2로 11,37.2781445,127.0726132,586.3000000000001,12.0
294,기흥구,중동 ,분양,어은목마을 코아루아파트,592,20060329.0,경기도 용인시 기흥구 동백2로 12,37.2717225,127.0736214,651.2,14.0
295,기흥구,중동 ,분양,초당마을 코아루아파트,289,20060329.0,경기도 용인시 기흥구 동백1로 9,37.2781443,127.0741353,317.90000000000003,7.0
296,기흥구,중동 ,분양,초당마을 코아루아파트,279,20060329.0,경기도 용인시 기흥구 동백1로 12,37.2674744,127.1567299,306.90000000000003,7.0
297,기흥구,중동 ,분양,초당마을 현진에버빌,320,20060227.0,경기도 용인시 기흥구 동백중앙로 73,37.277388,127.0790011,352.0,8.0
298,기흥구,서천동,분양,서천마을 1단지,826,20121217.0,경기도 용인시 기흥구 서천서로 27,37.2879802,127.116244,908.6,19.0
299,기흥구,서천동,분양,서천마을 4단지,556,20121217.0,경기도 용인시 기흥구 서천동로 60,37.2879802,127.116244,611.6,13.0
300,기흥구,영덕동,분양,흥덕마을 자연앤스위첸,502,20090813.0,경기도 용인시 기흥구 흥덕2로117번길 14,37.2892064,127.1131988,552.2,12.0
301,기흥구,영덕동,분양,흥덕마을 힐스테이트,570,20100819.0,경기도 용인시 기흥구 흥덕2로 126,37.2892064,127.1131988,627.0,13.0
302,기흥구,영덕동,분양,흥덕마을 이던하우스,486,20090514.0,경기도 용인시 기흥구 흥덕2로118번길 26,37.274531,127.0996713,534.6,11.0
303,기흥구,중동 ,분양,백현마을 동일하이빌,743,20060321.0,경기도 용인시 기흥구 동백중앙로 312,37.2796078,127.1080689,817.3000000000001,17.0
304,기흥구,영덕동,분양,흥덕마을동원로얄듀크,720,20100729.0,경기도 용인시 기흥구 흥덕중앙로105번길 24,37.27605975,127.10608712519522,792.0000000000001,16.0
305,기흥구,신갈동,분양,녹원마을 새천년그린빌 5단지,915,20040823.0,경기도 용인시 기흥구 기흥로116번길 60,37.2879802,127.116244,1006.5000000000001,21.0
306,기흥구,신갈동,분양,산양마을 푸르지오아파트,346,20040730.0,경기도 용인시 기흥구 기흥로116번길 77,37.2768496,127.111252,380.6,8.0
307,기흥구,신갈동,분양,녹원마을 새천년 그린빌 2단지아파트,238,20040617.0,경기도 용인시 기흥구 새천년로 27,37.2825862,127.1132466,261.8,6.0
308,기흥구,신갈동,분양,새릉골마을 풍림아파트,340,20010317.0,경기도 용인시 기흥구 기흥로116번길 7,37.2796078,127.1080689,374.00000000000006,8.0
309,기흥구,신갈동,분양,갈현마을 현대홈타운,584,20010621.0,경기도 용인시 기흥구 관곡로 16,37.2931772,127.12849493462818,642.4000000000001,13.0
310,기흥구,신갈동,분양,양현마을 풍림 신안아파트,776,20010523.0,경기도 용인시 기흥구 산양로 17,37.277388,127.0790011,853.6,18.0
311,기흥구,신갈동,분양,인성마을 신갈현대아파트,293,19970604.0,경기도 용인시 기흥구 용구대로 2242,37.277388,127.0790011,322.3,7.0
312,기흥구,신갈동,분양,신미주아파트,247,19950224.0,경기도 용인시 기흥구 신갈로138번길 12,37.2667361,127.0945468,271.70000000000005,6.0
313,기흥구,신갈동,분양,삼익아파트,296,19990220.0,경기도 용인시 기흥구 신갈로124번길 3,37.2667361,127.0945468,325.6,7.0
314,기흥구,신갈동,분양,드림랜드아파트,299,19920805.0,경기도 용인시 기흥구 용구대로2152번길 39,37.2676795,127.077307,328.90000000000003,7.0
315,기흥구,신갈동,분양,녹원마을 새천년그린빌 4단지,923,20040716.0,경기도 용인시 기흥구 새천년로 40,37.268206000000006,127.09433043792652,1015.3000000000001,21.0
316,기흥구,언남동,분양,스파 팰리스 리가,533,20130207.0,경기도 용인시 기흥구 언남로 5,37.2667361,127.0945468,586.3000000000001,12.0
317,기흥구,영덕동,분양,우남퍼스트빌 리젠트,153,20090424.0,경기도 용인시 기흥구 흥덕중앙로105번길 40,37.2733608,127.0932083,168.3,4.0
318,기흥구,영덕동,분양,흥덕마을 11단지 경남아너스빌,545,20090428.0,경기도 용인시 기흥구 흥덕중앙로105번길 41,37.2702781,127.0820446,599.5,12.0
319,기흥구,영덕동,분양,청현마을 기흥데시앙아파트,400,20050111.0,경기도 용인시 기흥구 덕영대로2077번길 53,37.296567249999995,127.1284884466923,440.00000000000006,9.0
320,기흥구,영덕동,분양,청현마을 대명레이크빌아파트,401,20050107.0,경기도 용인시 기흥구 덕영대로2077번길 55,37.2879802,127.116244,441.1,9.0
321,기흥구,영덕동,분양,영통빌리지,472,19991106.0,경기도 용인시 기흥구 중부대로55번길 11,37.29344365,127.12648249949504,519.2,11.0
322,기흥구,영덕동,분양,영덕 신일 1차아파트,662,19981212.0,경기도 용인시 기흥구 덕영대로2077번길 20,37.2907983,127.1491694,728.2,15.0
323,기흥구,영덕동,분양,영덕 신일 2차아파트,239,19981212.0,경기도 용인시 기흥구 덕영대로2077번길 20,37.2907983,127.1491694,262.90000000000003,6.0
324,기흥구,영덕동,분양,청현마을 신갈 두진아파트,541,19961108.0,경기도 용인시 기흥구 덕영대로2077번길 8,37.2907983,127.1491694,595.1,12.0
325,기흥구,영덕동,분양,흥덕마을 13단지 경남아너스빌,368,20090619.0,경기도 용인시 기흥구 흥덕4로30번길 11,37.2914742,127.1311812,404.8,9.0
326,기흥구,영덕동,분양,흥덕마을14단지 호반베르디움,236,20100205.0,경기도 용인시 기흥구 흥덕3로 60,37.2907983,127.1491694,259.6,6.0
327,기흥구,언남동,분양,하마비마을 동일하이빌2차아파트,837,20020801.0,경기도 용인시 기흥구 언남로 15,37.3026184,127.1224789,920.7,19.0
328,기흥구,언남동,분양,장미마을 삼성래미안 2차 아파트,1219,20031217.0,경기도 용인시 기흥구 구성로 90,37.2803333,127.1508955,1340.9,27.0
329,기흥구,언남동,분양,하마비마을 동부센트레빌,418,20020131.0,경기도 용인시 기흥구 구성로 99,37.2797935,127.1490123,459.8,10.0
330,기흥구,언남동,분양,언동마을 신일해피트리,591,20011212.0,경기도 용인시 기흥구 구성로 184,37.282445,127.1583908,650.1,14.0
331,기흥구,언남동,분양,하마비마을 동일하이빌1차,999,20010921.0,경기도 용인시 기흥구 구성로 105-15,37.2807841,127.1591508,1098.9,22.0
332,기흥구,언남동,분양,동부아파트,446,19981203.0,경기도 용인시 기흥구 구성로 123,37.282445,127.1583908,490.6,10.0
333,기흥구,중동 ,분양,어정마을 동백아이파크,313,20070322.0,경기도 용인시 기흥구 언동로217번길 11,37.2821455,127.1546864,344.3,7.0
334,기흥구,보라동,분양,한보라마을 휴먼시아6단지,762,20080417.0,경기도 용인시 기흥구 한보라1로 91,37.2790972,127.1548703,838.2,17.0
335,기흥구,마북동,분양,교동마을 신창아파트,490,19961223.0,경기도 용인시 기흥구 마북로 186,37.2842213,127.1547263,539.0,11.0
336,기흥구,동백동,분양,해든마을 동백동문굿모닝힐,512,20071130.0,경기도 용인시 기흥구 동백죽전대로 455-10,37.2832077,127.1605438,563.2,12.0
337,기흥구,동백동,분양,동원마을 동원로얄듀크,477,20070731.0,경기도 용인시 기흥구 동백죽전대로 455-17,37.282445,127.1583908,524.7,11.0
338,기흥구,동백동,분양,백현마을 한라비발디(2단지),304,20060227.0,경기도 용인시 기흥구 동백7로 96,37.2852759,127.1552288,334.40000000000003,7.0
339,기흥구,동백동,분양,백현마을 코아루아파트,414,20060329.0,경기도 용인시 기흥구 동백7로 80,37.2835542,127.1648491,455.40000000000003,10.0
340,기흥구,동백동,분양,호수마을 서해그랑블,536,20060420.0,경기도 용인시 기흥구 동백7로 56,37.2852759,127.1552288,589.6,12.0
341,기흥구,동백동,분양,호수마을 동보노빌리티,481,20060227.0,경기도 용인시 기흥구 동백평촌로 39,37.2852759,127.1552288,529.1,11.0
342,기흥구,동백동,분양,호수마을상록롯데캐슬,552,20070206.0,경기도 용인시 기흥구 동백평촌로 70,37.3035542,127.1237155,607.2,13.0
343,기흥구,동백동,분양,호수마을 계룡리슈빌,567,20060302.0,경기도 용인시 기흥구 동백평촌로 15,37.2954089,127.1136988,623.7,13.0
344,기흥구,동백동,분양,백현마을 한라비발디(1단지),342,20060227.0,경기도 용인시 기흥구 동백7로 97 ,37.1633072,127.3704275,376.20000000000005,8.0
345,기흥구,동백동,분양,백현마을 모아미래도(2단지),336,20060227.0,경기도 용인시 기흥구 동백8로 126,37.1633072,127.3704275,369.6,8.0
346,기흥구,동백동,분양,호수마을 휴먼시아 5단지,488,20061106.0,경기도 용인시 기흥구 동백8로 27,37.2331489,127.1983944,536.8000000000001,11.0
347,기흥구,마북동,분양,교동마을 정광아파트,478,19971103.0,경기도 용인시 기흥구 마북로154번길 16,37.235672,127.2147919,525.8000000000001,11.0
348,기흥구,마북동,분양,구성 우림아파트,362,19980114.0,경기도 용인시 기흥구 구성로39번길 13,37.2308737,127.1161576,398.20000000000005,8.0
349,처인구,김량장동,임대,김량장 주공아파트,495,19981025.0,경기도 용인시 처인구 중부대로1388번길 6-14 ,37.2438645,127.1050914,544.5,11.0
350,기흥구,고매동,분양,동성아파트,216,19970109.0,경기도 용인시 기흥구 고매로 26,37.28657,127.1531848,237.60000000000002,5.0
351,기흥구,고매동,분양,세원아파트,320,19930501.0,경기도 용인시 기흥구 공세로 76,37.2852759,127.1552288,352.0,8.0
352,기흥구,고매동,분양,매화마을 우남드림밸리아파트,168,20020912.0,경기도 용인시 기흥구 고매로34번길 10,37.2706091,127.1339634,184.8,4.0
353,기흥구,고매동,분양,매화마을 우림홀인원아파트,299,20031004.0,경기도 용인시 기흥구 고매로34번길 31,37.2774626,127.1136877,328.90000000000003,7.0
354,기흥구,고매동,분양,기흥 써니밸리 아파트,171,20091231.0,경기도 용인시 기흥구 고매로 16,37.2774626,127.1136877,188.10000000000002,4.0
355,기흥구,보정동,분양,행원마을 동아솔레시티아파트,1701,20030305.0,경기도 용인시 기흥구 보정로 30 ,37.2774626,127.1136877,1871.1000000000001,38.0
356,기흥구,보라동,분양,한보라마을 화성파크드림,311,20070727.0,경기도 용인시 기흥구 한보라2로 93,37.2871034,127.1102318,342.1,7.0
357,기흥구,구갈동,분양,구갈 동부아파트,200,19921201.0,경기도 용인시 기흥구 구갈로28번길 32,37.2401914,127.1148758,220.00000000000003,5.0
358,기흥구,구갈동,분양,구갈 한성1차아파트,570,19921118.0,경기도 용인시 기흥구 기흥로 29,37.2214538,127.0972059,627.0,13.0
359,기흥구,구갈동,분양,가현마을 신안아파트,364,20011217.0,경기도 용인시 기흥구 관곡로 53,37.2438645,127.1050914,400.40000000000003,9.0
360,기흥구,구갈동,분양,우성에비뉴,96,20070921.0,경기도 용인시 기흥구 기흥로38번길 53,37.2438645,127.1050914,105.60000000000001,3.0
361,기흥구,구갈동,분양,안골마을 롯데캐슬,99,20050428.0,경기도 용인시 기흥구 기흥로38번길 54,37.2330903,127.1145331,108.9,3.0
362,기흥구,구갈동,분양,세종그랑시아 2차,194,19991108.0,경기도 용인시 기흥구 기흥로38번길 34,37.2768496,127.111252,213.4,5.0
363,기흥구,구갈동,분양,세종그랑시아 1차,120,19991030.0,경기도 용인시 기흥구 기흥로38번길 11,37.2726513,127.1095378,132.0,3.0
364,기흥구,공세동,분양,탑실마을 대주피오레 2단지,1290,20090731.0,경기도 용인시 기흥구 탑실로 152,37.2706091,127.1339634,1419.0000000000002,29.0
365,기흥구,공세동,분양,탑실마을 대주피오레1단지,710,20090526.0,경기도 용인시 기흥구 탑실로 15,37.2706091,127.1339634,781.0000000000001,16.0
366,기흥구,공세동,분양,공세 호수마을 상떼레이크뷰,345,20100122.0,경기도 용인시 기흥구 동탄기흥로 864,37.2706091,127.1339634,379.50000000000006,8.0
367,기흥구,공세동,분양,한보라마을 휴먼시아 9단지,600,20061013.0,경기도 용인시 기흥구 한보라2로 167,37.2774388,127.12885402608927,660.0,14.0
368,기흥구,공세동,분양,용인 파크드림 프라브,261,20091130.0,경기도 용인시 기흥구 한보라2로 141,37.2774388,127.12885402608927,287.1,6.0
369,기흥구,공세동,분양,불곡마을 벽산블루밍아파트,390,20050722.0,경기도 용인시 기흥구 고매로43번길 32-2 ,37.2774388,127.12885402608927,429.00000000000006,9.0
370,기흥구,구갈동,분양,강남마을 코오롱하늘채아파트,530,20040924.0,경기도 용인시 기흥구 강남동로 20,37.2726513,127.1095378,583.0,12.0
371,기흥구,구갈동,분양,강남마을 3단지 주공아파트,138,20041130.0,경기도 용인시 기흥구 강남서로 52 ,37.2774626,127.1136877,151.8,4.0
372,기흥구,구갈동,분양,구갈 풍림아파트,180,19960727.0,경기도 용인시 기흥구 신구로42번길 22,37.2463817,127.1662199,198.00000000000003,4.0
373,기흥구,구갈동,분양,우림아파트,150,19960429.0,경기도 용인시 기흥구 신구로42번길 15,37.2343808,127.1962711,165.0,4.0
374,기흥구,구갈동,분양,구갈 한양아파트,624,19931224.0,경기도 용인시 기흥구 구갈로28번길 21-11,37.3017072,127.1095177,686.4000000000001,14.0
375,기흥구,구갈동,분양,신성아파트,98,19881012.0,경기도 용인시 기흥구 구갈로 45,37.3009376,127.1138742,107.80000000000001,3.0
376,처인구,삼가동,분양,진우아파트,582,19990313.0,경기도 용인시 처인구 중부대로 1144,37.2759603,127.2058538,640.2,13.0
377,처인구,삼가동,분양,금령마을 우남퍼스트빌,451,20031128.0,경기도 용인시 처인구 금학로 91,37.2954906,127.2379055,496.1,10.0
378,기흥구,마북동,분양,용화마을 태영데시앙아파트 1단지(조합),321,20031014.0,경기도 용인시 기흥구 구성로 44-10,37.2638753,127.2118611,353.1,8.0
379,기흥구,마북동,분양,교동마을 엘지자이,450,20010811.0,경기도 용인시 기흥구 마북로 182,37.2638753,127.2118611,495.00000000000006,10.0
380,기흥구,마북동,분양,연원마을 현대아파트,424,20000531.0,경기도 용인시 기흥구 연원로 60,37.2665252,127.221606,466.40000000000003,10.0
381,기흥구,마북동,분양,연원마을 LG아파트,396,19991229.0,경기도 용인시 기흥구 연원로 5,37.2638753,127.2118611,435.6,9.0
382,기흥구,마북동,분양,"연원마을 삼호,벽산아파트",1576,20000930.0,경기도 용인시 기흥구 연원로42번길 2,37.2765277,127.2196309,1733.6000000000001,35.0
383,처인구,포곡읍 둔전리,분양,용인 포곡 삼성쉐르빌아파트,469,20120911.0,경기도 용인시 처인구 포곡읍 포곡로 159,37.3035542,127.1237155,515.9000000000001,11.0
384,처인구,포곡읍 둔전리,분양,신원 1차아파트,474,19980714.0,경기도 용인시 처인구 포곡읍 포곡로 90,37.2438645,127.1050914,521.4000000000001,11.0
385,처인구,포곡읍 둔전리,분양,인정멜로디아파트,831,19980714.0,경기도 용인시 처인구 포곡읍 포곡로61번길 17,37.2549292,127.1186591,914.1,19.0
386,처인구,포곡읍 둔전리,분양,신원 2차아파트,296,19991220.0,경기도 용인시 처인구 포곡읍 포곡로 98-1,37.2526147,127.1056681,325.6,7.0
387,처인구,이동읍 천리,분양,이화아파트,92,19901011.0,경기도 용인시 처인구 이동읍 적동로 15,37.2549292,127.1186591,101.2,3.0
388,처인구,이동읍 천리,분양,용인 라이프아파트,139,19950323.0,경기도 용인시 처인구 이동읍 이원로 101,37.2549292,127.1186591,152.9,4.0
389,기흥구,보라동,분양,한보라마을 휴먼시아5단지,446,20061201.0,경기도 용인시 기흥구 한보라1로43번길 22,37.3026184,127.1224789,490.6,10.0
390,기흥구,보라동,분양,한보라마을 1단지 한양수자인,136,20090331.0,경기도 용인시 기흥구 한보라2로 51,37.3026184,127.1224789,149.60000000000002,3.0
391,기흥구,보라동,분양,민속마을 현대모닝사이드 1차,1112,20040127.0,경기도 용인시 기흥구 사은로126번길 46,37.3013016,127.1184396,1223.2,25.0
392,기흥구,보라동,분양,보라마을 현대모닝사이드 2차,771,20030627.0,경기도 용인시 기흥구 용구대로 1842,37.3026184,127.1224789,848.1,17.0
393,기흥구,보라동,분양,민속마을 신창미션힐아파트,926,20020917.0,경기도 용인시 기흥구 사은로126번길 33,37.3026184,127.1224789,1018.6000000000001,21.0
394,기흥구,보라동,분양,민속마을 쌍용아파트,1596,20020520.0,경기도 용인시 기흥구 사은로126번길 10,37.29875845,127.10994880260415,1755.6000000000001,36.0
395,기흥구,보라동,분양,삼성래미안아파트,370,19980529.0,경기도 용인시 기흥구 한보라1로64번길 22,37.3026184,127.1224789,407.00000000000006,9.0
396,기흥구,보라동,분양,기흥삼정선비마을,299,19981029.0,경기도 용인시 기흥구 사은로 64,37.3009376,127.1138742,328.90000000000003,7.0
397,기흥구,마북동,분양,교동마을 마북2차 이편한세상,110,20101130.0,경기도 용인시 기흥구 마북로 218,37.1455348,127.2005507,121.00000000000001,3.0
398,기흥구,마북동,분양,교동마을 구성자이3차,309,20100329.0,경기도 용인시 기흥구 구교동로118번길 7,37.1455348,127.2005507,339.90000000000003,7.0
399,기흥구,마북동,분양,교동마을 현대필그린아파트,486,20020102.0,경기도 용인시 기흥구 마북로 139,37.2401458,127.1667614,534.6,11.0
400,기흥구,마북동,분양,연원마을 쉐르빌아파트,316,20020530.0,경기도 용인시 기흥구 연원로42번길 33,37.2401458,127.1667614,347.6,7.0
401,처인구,이동읍 천리,분양,용인 동아아파트,202,19931230.0,경기도 용인시 처인구 이동읍 이원로 22,37.2361373,127.2835649,222.20000000000002,5.0
402,처인구,이동읍 천리,분양,한천마을 금광베네스타,460,20080730.0,경기도 용인시 처인구 이동읍 백옥대로 711,37.2360583,127.2849254,506.00000000000006,11.0
403,처인구,삼가동,분양,행정타운늘푸른오스카빌 2단지,186,20041210.0,경기도 용인시 처인구 중부대로1158번길 12,37.2429352,127.1952091,204.60000000000002,5.0
404,처인구,삼가동,분양,용인행정타운 두산위브 2단지,624,20131129.0,경기도 용인시 처인구 지삼로590번길 9,37.2447914,127.1663381,686.4000000000001,14.0
405,처인구,삼가동,분양,용인행정타운 두산위브 3단지,470,20131129.0,경기도 용인시 처인구 지삼로590번길 29,37.2447914,127.1663381,517.0,11.0
406,처인구,양지면 양지리,분양,양지마을 신원아침도시,156,20070824.0,경기도 용인시 처인구 양지면 교동로 1,37.2376497,127.1890821,171.60000000000002,4.0
407,처인구,이동읍 천리,분양,샘골마을 풍성 신미주아파트 2단지,234,20050205.0,경기도 용인시  처인구 이동읍 백옥대로587번길 7 ,37.2309836,127.1881504,257.40000000000003,6.0
408,처인구,이동읍 천리,분양,샘골마을 풍성신미주아파트 1단지,800,20050205.0,경기도 용인시 처인구 이동읍 백옥대로621번길 11,37.2309836,127.1881504,880.0000000000001,18.0
409,처인구,이동읍 송전리,분양,송전마을 세광엔리치아파트,782,20100430.0,경기도 용인시 처인구 이동읍 경기동로705번길 28,37.2309836,127.1881504,860.2,18.0
410,처인구,유방동,분양,성웅아파트,271,19980515.0,경기도 용인시 처인구 영문로29번길 17,37.236735,127.1914778,298.1,6.0
411,처인구,유방동,분양,인정프린스 3차아파트,380,19960608.0,경기도 용인시 처인구 경안천로 368,37.236735,127.1914778,418.00000000000006,9.0
412,처인구,유방동,분양,인정프린스 2차아파트,330,19950602.0,경기도 용인시 처인구 경안천로 378,37.2319348,127.1089189,363.00000000000006,8.0
413,처인구,유방동,분양,인정프린스 1차아파트,375,19940422.0,경기도 용인시 처인구 금어로 6,37.2915271,127.2630991,412.50000000000006,9.0
414,처인구,역북동,분양,역북마을 보성아파트,162,20001114.0,경기도 용인시 처인구 명지로 15-33,37.2915271,127.2630991,178.20000000000002,4.0
415,처인구,역북동,분양,역북마을 신성아파트,475,19981218.0,경기도 용인시 처인구 명지로 15-5 ,37.2473331,127.2261933,522.5,11.0
416,처인구,고림동,분양,예원마을 코아루아파트,408,20041208.0,경기도 용인시 처인구 한터로275번길 40,37.2532302,127.2256267,448.8,9.0
417,처인구,김량장동,분양,김량장 현대아파트,755,19951214.0,경기도 용인시 처인구 백옥대로1068번길 12,37.1553673,127.3414987,830.5000000000001,17.0
418,처인구,김량장동,분양,공신연립주택,96,19851015.0,경기도 용인시 처인구 금학로349번길 33-4,37.3425006,127.2297456,105.60000000000001,3.0
419,처인구,고림동,분양,임원마을 영화1차 아파트,513,20020626.0,경기도 용인시 처인구 경안천로256번길 47-16,37.2345793,127.2165773,564.3000000000001,12.0
420,처인구,고림동,분양,예진마을 2차아파트,416,20010420.0,"경기도 용인시 처인구 한터로152번길 15 (고림동, 예진마을인정피렌체빌리지II아파트",37.23593275,127.21124401920397,457.6,10.0
421,처인구,백암면 근창리,분양,청와아파트,93,20100423.0,경기도 용인시 처인구 백암면 백원로 513,37.2346745,127.2162434,102.30000000000001,3.0
422,처인구,모현읍 일산리,분양,효천마을 신안인스빌 2단지,538,20041217.0,경기도 용인시 처인구 모현읍 문현로 326,37.2298302,127.2144155,591.8000000000001,12.0
423,처인구,모현읍 왕산리,분양,용인 모현 스위첸아파트,308,20120131.0,경기도 용인시 처인구 모현읍 외대로54번길 12,37.2309836,127.1881504,338.8,7.0
424,처인구,마평동,분양,푸른마을 용인자이,502,20060323.0,경기도 용인시 처인구 금학로 520,37.2461676,127.2299414,552.2,12.0
425,처인구,마평동,분양,두보아파트,248,19991029.0,경기도 용인시 처인구 금령로173번길 14,37.2517182,127.2247608,272.8,6.0
426,처인구,마평동,분양,마평 우성아파트,358,19960523.0,경기도 용인시 처인구 금령로173번길 5 ,37.2359753,127.2176504,393.8,8.0
427,처인구,남동,분양,구미마을 삼라마이다스빌,159,20040102.0,경기도 용인시 처인구 명지로 307,37.2343808,127.1962711,174.9,4.0
428,처인구,김량장동,분양,금학마을 금호어울림아파트,484,20091124.0,경기도 용인시 처인구 금령로13번길 13,37.2331489,127.1983944,532.4000000000001,11.0
429,처인구,고림동,분양,인정 피렌체 빌리지 1차,639,20000115.0,경기도 용인시 처인구 한터로152번길 45,37.2331489,127.1983944,702.9000000000001,15.0
430,처인구,김량장동,분양,아리현마을 삼환나우빌,458,20080808.0,경기도 용인시 처인구 중부대로 1348,37.2900639,127.1339697,503.80000000000007,11.0
431,처인구,김량장동,분양,삼환아파트,180,19991130.0,경기도 용인시 처인구 중부대로1388번길 6-4,37.2352614,127.0754885,198.00000000000003,4.0
432,처인구,양지면 남곡리,분양,양지포레스토리,174,20190117.0,경기도 용인시 처인구 양지면,37.2354917,127.2798585,191.4,4.0
433,기흥구,중동,분양,하우스디 동백 카바나,284,20190221.0,경기도 용인시 기흥구 동백죽전대로,37.3068791,127.1307873,312.40000000000003,7.0
434,처인구,김량장동,분양,용인웰메이드시티,299,20180814.0,경기도 용인시 처인구 금령로,37.2348923,127.2023827,328.90000000000003,7.0
435,수지구,동천동,분양,동천 더샵 파크사이드,330,20180803.0,경기도 용인시 수지구 동천로,37.3404884,127.0979986,363.00000000000006,8.0
436,수지구,풍덕천동,분양,수지 e편한세상 주상복합,1237,20170825.0,경기도 용인시 수지구 포은대로,37.2990184,127.0638181,1360.7,28.0
437,수지구,죽전동,분양,내대지마을 힐스테이트,120,20040630.0,경기도 용인시 수지구 죽전로238번길,37.3306479,127.1360707,132.0,3.0
438,기흥구,신갈동,분양,기흥역 롯데캐슬스카이,625,20141222.0,경기도 용인시 기흥구 중부대로,37.2676173,127.0728663,687.5,14.0
439,기흥구,동백동,임대,호수마을 3단지 주공뜨란채,898,20060530.0,경기도 용인시 기흥구 동백8로,37.2852759,127.1552288,987.8000000000001,20.0
440,기흥구,상하동,임대,강남마을 8단지 주공아파트,1176,20040529.0,경기도 용인시 기흥구 강남동로,37.2706091,127.1339634,1293.6000000000001,26.0
441,기흥구,상하동,분양,풍림아파트,469,19981114.0,경기도 용인시 기흥구 어정로,37.2754251,127.1427304,515.9000000000001,11.0
442,기흥구,상하동,분양,지석마을 진흥더루벤스(2단지),851,20090313.0,경기도 용인시 기흥구 중부대로746번길,37.2618865,127.1386988,936.1,19.0
443,기흥구,보정동,분양,신촌마을 상록데시앙,230,2006929.0,경기도 용인시 기흥구 보정로,37.3152573,127.1121144,253.00000000000003,6.0
444,기흥구,하갈동,분양,"""청명호수마을 신안인스빌2단지
""",174,20090608.0,경기도 용인시 기흥구 덕영대로,37.249791,127.0870457,191.4,4.0
445,기흥구,영덕동,분양,흥덕마을 5단지 호반베르디움,527,20091105.0,경기도 용인시 기흥구 흥덕1로79번길,37.2769627,127.0711334,579.7,12.0
446,기흥구,신갈동,분양,녹원마을 새천년 그린빌 1단지,414,20060315.0,경기도 용인시 기흥구 새천년로,37.2892064,127.1131988,455.40000000000003,10.0
447,기흥구,신갈동,분양,동오아파트,99,19890111.0,경기도 용인시 기흥구 용구대로2152번길,37.2796078,127.1080689,108.9,3.0
448,기흥구,신갈동,분양,원대마을 신갈한신아파트,367,20020831.0,경기도 용인시 기흥구 신갈로,37.2789668,127.1058181,403.70000000000005,9.0
449,기흥구,신갈동,분양,도현마을 현대아파트,568,20010525.0,경기도 용인시 기흥구 구갈로,37.2768496,127.111252,624.8000000000001,13.0
450,기흥구,언남동,분양,초원마을 성원상떼빌,860,20050518.0,경기도 용인시 기흥구 기흥로116번길,37.2879802,127.116244,946.0000000000001,19.0
451,기흥구,동백동,분양,백현마을 모아미래도,838,20060227.0,경기도 용인시 기흥구 동백8로,37.2852759,127.1552288,921.8000000000001,19.0
452,기흥구,동백동,분양,백현마을 휴먼시아 8단지,600,20061106.0,경기도 용인시 기흥구 동백8로131번길,37.283071,127.1655209,660.0,14.0
453,기흥구,동백동,분양,백현마을 서해그랑블,482,20060420.0,경기도 용인시 기흥구 동백8로,37.2852759,127.1552288,530.2,11.0
454,처인구,마평동,임대,마평 주공아파트,639,20040924.0,경기도 용인시 처인구 고림로,37.23604,127.2136598,702.9000000000001,15.0
455,기흥구,동백동,분양,호수마을 월드메르디앙,286,20060623.0,경기도 용인시 기흥구 동백8로,37.2852759,127.1552288,314.6,7.0
456,기흥구,동백동,분양,호수마을 자연앤데시앙,432,20060818.0,경기도 용인시 기흥구 동백8로,37.2852759,127.1552288,475.20000000000005,10.0
457,기흥구,구갈동,분양,강남마을 계룡리슈빌,528,20040625.0,경기도 용인시 기흥구 강남동로,37.2706091,127.1339634,580.8000000000001,12.0
458,기흥구,구갈동,분양,풍림아파트,205,19940429.0,경기도 용인시 기흥구 구갈로28번길,37.2774626,127.1136877,225.50000000000003,5.0
459,기흥구,구갈동,분양,구갈 한성2차아파트,384,19930705.0,경기도 용인시 기흥구 구갈로,37.2768496,127.111252,422.40000000000003,9.0
460,기흥구,구갈동,분양,강남마을 자연앤(6단지),437,20040805.0,경기도 용인시 기흥구 강남동로,37.2706091,127.1339634,480.70000000000005,10.0
461,기흥구,구갈동,분양,강남마을 자연앤(4단지),344,20040807.0,경기도 용인시 기흥구 강남동로,37.2706091,127.1339634,378.40000000000003,8.0
462,처인구,삼가동,분양,삼가 풍림아파트,377,19981219.0,경기도 용인시 처인구 삼가로,37.2463817,127.1662199,414.70000000000005,9.0
463,처인구,포곡읍 영문리,분양,배머루마을 인정베네치아빌리지,347,20020305.0,경기도 용인시 처인구 포곡읍,37.2778094,127.2308608,381.70000000000005,8.0
464,처인구,포곡읍 삼계리,분양,계수마을 용인수목원 우림필유,346,20070227.0,경기도 용인시 처인구 포곡읍,37.2778094,127.2308608,380.6,8.0
465,처인구,포곡읍 둔전리,분양,금전마을 계룡리슈빌,441,20060405.0,경기도 용인시 처인구 포곡읍,37.2778094,127.2308608,485.1,10.0
466,기흥구,마북동,분양,용화마을 태영데시앙아파트 2단지(일반),132,20031010.0,경기도 용인시 기흥구 구성로,37.2907983,127.1491694,145.20000000000002,3.0
467,기흥구,마북동,분양,교동마을 쌍용아파트,340,20020308.0,경기도 용인시 기흥구 마북로154번길,37.3035542,127.1237155,374.00000000000006,8.0
468,기흥구,마북동,분양,교동마을 동양파라곤,278,20101026.0,경기도 용인시 기흥구 마북로,37.3026184,127.1224789,305.8,7.0
469,기흥구,마북동,분양,교동마을 마북 이-편한세상,404,20130531.0,경기도 용인시 기흥구 마북로,37.3026184,127.1224789,444.40000000000003,9.0
470,기흥구,마북동,분양,교동마을 현대홈타운,795,20030801.0,경기도 용인시 기흥구 마북로,37.3026184,127.1224789,874.5000000000001,18.0
471,기흥구,마북동,분양,삼거마을 삼성래미안 1차아파트,1282,20021231.0,경기도 용인시 기흥구 용구대로2394번길,37.2994043,127.108865,1410.2,29.0
472,처인구,삼가동,분양,용인행정타운 두산위브 1단지,199,20131129.0,경기도 용인시 처인구 지삼로590번길,37.2401458,127.1667614,218.9,5.0
473,처인구,역북동,분양,역북마을 금강아파트,150,19990414.0,경기도 용인시 처인구 명지로,37.2309836,127.1881504,165.0,4.0
474,처인구,역북동,분양,삼아맨션,99,19870610.0,경기도 용인시 처인구 중부대로1313번길,37.236735,127.1914778,108.9,3.0
475,기흥구,공세동,분양,기흥 호수청구아파트,498,19971114.0,경기도 용인시 기흥구 공세로,37.23862,127.10355,547.8000000000001,11.0
476,처인구,고림동,분양,금평마을 영화2차아파트,428,20031223.0,경기도 용인시 처인구 금어로,37.2915271,127.2630991,470.8,10.0
477,처인구,고림동,분양,보평마을 삼정그린뷰아파트,360,20040430.0,경기도 용인시 처인구 금어로,37.2915271,127.2630991,396.00000000000006,8.0
478,처인구,고림동,분양,예진마을 3차아파트,516,20030701.0,경기도 용인시 처인구 한터로152번길,37.2473331,127.2261933,567.6,12.0
479,처인구,모현읍 일산리,분양,효천마을 신안인스빌 1단지,324,20041217.0,경기도 용인시 처인구 모현읍,37.3297,127.21703,356.40000000000003,8.0
480,처인구,모현읍 왕산리,분양,풍산햇빛마을아파트,330,20000324.0,경기도 용인시 처인구 모현읍,37.3297,127.21703,363.00000000000006,8.0
481,처인구,마평동,분양,마평 라이프아파트,290,19930611.0,경기도 용인시 처인구 동부로,37.2298302,127.2144155,319.0,7.0
482,처인구,고림동,분양,이삭아파트,300,19981224.0,경기도 용인시 처인구 경안천로256번길,37.2532302,127.2256267,330.0,7.0
483,처인구,김량장동,분양,신우아파트,178,19991029.0,경기도 용인시 처인구 중부대로1388번길,37.2331489,127.1983944,195.8,4.0
484,수지구,신봉동,분양,수지스카이뷰푸르지오,363,20220628.0,경기도 용인시 수지구 신봉3로7번길 31,37.3267136,127.0690252,399.3,20.0
485,기흥구,언남동,분양,힐스테이트 구성,699,20230730.0,경기도 용인시 기흥구 용인향교로 29,37.2968835,127.1196012,768.9000000000001,39.0
486,수지구,동천동,분양,한화 포레나 수지동천,293,20220221.0,경기도 용인시 수지구 동천동,37.341837,127.09929754297053,322.3,17.0
