,cluster_이름,xcrds,ycrds,existing,demand_satisfied
0,1001,127.295784,37.18883,0,0
1,1013,127.223315,37.135049,0,0
2,1014,127.213345,37.315307,0,0
3,1017,127.227875,37.3543285,0,1
4,10206,127.419215,37.1353475,0,0
5,1021,127.216167,37.1629775,0,0
6,1027,127.143215,37.168865,0,1
7,10309,127.193227,37.33644,0,1
8,10371,127.13311,37.161848,0,1
9,10451,127.2258,37.147452,0,1
10,1051,127.376335,37.1948,0,0
11,1053,127.288545,37.159748,0,0
12,10563,127.388547,37.129461500000005,0,0
13,1059,127.20631,37.165657,0,0
14,1068,127.1789,37.120518,0,0
15,10721,127.343983,37.1749325,0,1
16,10787,127.2304005,37.358163,0,1
17,1084,127.12706,37.132984,0,1
18,10900,127.21273,37.178968,0,1
19,10905,127.222523,37.350483,0,1
20,1093,127.21162,37.1749115,0,1
21,1102,127.28016,37.332577,0,0
22,11195,127.31536,37.24881,0,1
23,1125,127.25347,37.209934,0,0
24,1126,127.3193,37.2528715,0,0
25,1129,127.374214,37.11728,0,1
26,11306,127.3090075,37.196967,0,1
27,1131,127.16117,37.31021,0,1
28,1145,127.346504,37.181698,0,0
29,1152,127.11934,37.10051,0,0
30,11529,127.21957,37.310817,0,1
31,1154,127.2918,37.203247,0,1
32,1163,127.16605,37.098846,0,0
33,1172,127.236893,37.3581785,0,0
34,1173,127.4097,37.094326,0,0
35,119,127.221298,37.146765,0,0
36,1191,127.388795,37.151548000000005,0,1
37,1196,127.0551425,37.34907,0,0
38,120,127.240995,37.2328975,0,1
39,1201,127.2146075,37.1300735,0,0
40,12121,127.255015,37.167347,0,1
41,1216,127.37271,37.172714,0,0
42,12179,127.2491575,37.320347,0,1
43,12244,127.1306,37.1564335,0,1
44,1225,127.129364,37.121723,0,0
45,1228,127.3177325,37.198332,0,1
46,12350,127.152863,37.091601,0,1
47,12353,127.26301,37.222347,0,1
48,124,127.195475,37.3382475,0,1
49,1244,127.03441,37.370174,0,1
50,125,127.17626,37.212,0,0
51,1262,127.241325,37.135544,0,1
52,1263,127.22647,37.196804,0,0
53,12659,127.23714,37.2051675,0,1
54,1268,127.16651,37.122284,0,0
55,1276,127.23903,37.14906,0,0
56,128,127.056775,37.359444,0,1
57,1301,127.15677,37.16102,0,1
58,1302,127.23337,37.316708,0,0
59,1309,127.278673,37.262494,0,1
60,1314,127.18106,37.276016,0,0
61,1316,127.328465,37.186855,0,0
62,1319,127.18687,37.099804,0,0
63,1323,127.40004,37.161472,0,1
64,1325,127.292534,37.142853,0,0
65,1331,127.16602,37.105156,0,0
66,13310,127.1946175,37.340275,0,0
67,1345,127.264943,37.23475,0,1
68,1348,127.317372,37.231908,0,0
69,1352,127.3364,37.16456,0,0
70,1355,127.42372,37.133545,0,0
71,1360,127.14029,37.133026,0,0
72,1368,127.25649,37.3223895,0,0
73,1373,127.322125,37.246115,0,0
74,1377,127.32453,37.181892,0,0
75,1398,127.396736,37.107834,0,0
76,140,127.33577,37.196781,0,0
77,14045,127.2531,37.323509,0,1
78,1414,127.19184,37.121902,0,1
79,1419,127.17517,37.202984,0,0
80,142,127.29813,37.155933,0,0
81,1424,127.35445,37.150158,0,0
82,14402,127.251708,37.316298,0,0
83,14478,127.4169675,37.1357955,0,1
84,1464,127.396688,37.1459225,0,1
85,1468,127.25697,37.17028,0,1
86,1494,127.253425,37.222103,0,1
87,1504,127.22604,37.314438,0,0
88,1516,127.18872,37.333275,0,0
89,15309,127.249235,37.216906,0,1
90,15311,127.1499775,37.2202515,0,1
91,15313,127.2495825,37.2375535,0,1
92,15315,127.17871,37.2944825,0,1
93,15316,127.16023,37.202492,0,1
94,1533,127.22489,37.166153,0,0
95,15334,127.2432625,37.2270355,0,1
96,15346,127.1783175,37.3269065,0,1
97,15347,127.126207,37.1895465,0,1
98,15349,127.104432,37.204568,0,1
99,1535,127.314384,37.184807,0,1
100,15351,127.1768325,37.20253099999999,0,1
101,15363,127.267198,37.2200735,0,1
102,15374,127.37411,37.177901000000006,0,1
103,15394,127.192545,37.253439,0,1
104,1543,127.18339,37.124584,0,0
105,15447,127.177477,37.1910485,0,1
106,1545,127.219154,37.34597,0,0
107,1552,127.2165475,37.137062,0,0
108,1555,127.183642,37.1975985,0,1
109,15570,127.184695,37.148700000000005,0,1
110,1558,127.287735,37.24831,0,0
111,1561,127.16732,37.1944,0,0
112,15711,127.1471975,37.0999205,0,1
113,15879,127.386795,37.17318,0,0
114,1595,127.23065,37.129658,0,0
115,1599,127.23423,37.231525,0,0
116,15992,127.186155,37.271071500000005,0,1
117,1602,127.16455,37.183575,0,0
118,161,127.395515,37.17454,0,0
119,1612,127.168,37.296485,0,0
120,1614,127.27773,37.198265,0,0
121,16146,127.18509,37.257098,0,1
122,1624,127.29749,37.182076,0,0
123,1625,127.406784,37.171844,0,0
124,1627,127.25507,37.235176,0,0
125,1629,127.333545,37.183033,0,1
126,1635,127.14814,37.32189,0,0
127,16426,127.263505,37.243985,0,0
128,16429,127.3049,37.1500875,0,1
129,16479,127.233793,37.1970485,0,1
130,1654,127.369315,37.18285,0,0
131,1658,127.33918,37.18304,0,0
132,1660,127.366478,37.193215,0,1
133,1663,127.1861,37.285946,0,0
134,1671,127.246345,37.317862,0,1
135,16771,127.26799,37.2521035,0,0
136,1679,127.35213,37.18441,0,1
137,1683,127.13975,37.127615000000006,0,1
138,1684,127.26253,37.19553,0,0
139,1694,127.04015,37.353973,0,1
140,1696,127.31115,37.241365,0,1
141,1712,127.21816,37.157574,0,0
142,1730,127.1119,37.124825,0,0
143,1732,127.043106,37.3328,0,0
144,1735,127.361115,37.19839,0,0
145,1746,127.1795675,37.09527799999999,0,0
146,1747,127.30805,37.239105,0,0
147,17713,127.206295,37.168363,0,1
148,1783,127.17893,37.112404,0,0
149,17908,127.1884025,37.274231,0,0
150,1793,127.185948,37.253492,0,0
151,18051,127.2435175,37.2358285,0,1
152,1810,127.25992,37.3082,0,0
153,1811,127.17951,37.1779835,0,1
154,1815,127.21877,37.144054,0,0
155,1819,127.18455,37.250786,0,0
156,1824,127.1659675,37.1182275,0,0
157,1832,127.30495,37.13296,0,1
158,1834,127.204887,37.168134,0,1
159,1836,127.14436,37.1645875,0,0
160,18544,127.2145425,37.147424,0,1
161,1868,127.12373,37.122158,0,0
162,1873,127.22256,37.187556,0,1
163,1880,127.05286,37.353346,0,1
164,18875,127.131485,37.148548,0,1
165,19,127.30775,37.138824,0,1
166,1923,127.123845,37.09917,0,0
167,194,127.17411,37.318363,0,0
168,1956,127.3652,37.122227,0,0
169,1973,127.14625,37.243916,0,1
170,1978,127.192905,37.2767235,0,0
171,1985,127.37757,37.128098,0,0
172,1991,127.14439,37.15873,0,0
173,2004,127.136595,37.140677,0,0
174,2005,127.22193,37.204456,0,0
175,2013,127.250592,37.3138135,0,1
176,2021,127.25198,37.319677,0,0
177,2025,127.3597675,37.167517,0,0
178,2033,127.1444525,37.1449815,0,1
179,20403,127.252177,37.217733,0,1
180,20404,127.173492,37.20388,0,1
181,20406,127.172425,37.319004,0,1
182,20408,127.18523,37.275074,0,1
183,20415,127.20346,37.316412,0,1
184,20419,127.172167,37.313164,0,1
185,20435,127.13498,37.357872,0,1
186,20439,127.1730075,37.1926065,0,0
187,20445,127.223303,37.1938365,0,1
188,20452,127.1776725,37.265818,0,1
189,20454,127.233342,37.2351025,0,1
190,20455,127.26888,37.194590000000005,0,1
191,20465,127.1043675,37.211552,0,1
192,20472,127.1929575,37.3343915,0,1
193,20485,127.18331,37.278498,0,1
194,20491,127.177575,37.297623,0,1
195,20493,127.185748,37.30418,0,1
196,20498,127.1360775,37.1850675,0,1
197,20501,127.161155,37.318298,0,1
198,20503,127.1525025,37.227705,0,1
199,20505,127.1558525,37.218235,0,1
200,20509,127.275445,37.20028,0,1
201,20513,127.1437175,37.243456,0,1
202,20521,127.1733475,37.297394,0,1
203,20522,127.17941,37.2624855,0,1
204,20524,127.249267,37.21081,0,1
205,20538,127.287055,37.277374,0,1
206,20539,127.13862,37.1823695,0,1
207,20584,127.18213,37.2976425,0,1
208,20586,127.176907,37.2545775,0,1
209,20589,127.17542,37.201399,0,1
210,20591,127.265463,37.222275,0,0
211,20599,127.17284,37.2700845,0,1
212,2073,127.4031675,37.140968,0,0
213,2077,127.26015,37.236088,0,1
214,2083,127.329705,37.260998,0,0
215,2089,127.334677,37.178978,0,1
216,2091,127.36677,37.18758,0,0
217,20945,127.04408,37.358269,0,1
218,2099,127.19605,37.336,0,0
219,2103,127.175498,37.1926215,0,0
220,2109,127.228145,37.357258,0,0
221,212,127.219385,37.132338,0,0
222,2120,127.389404,37.12,0,1
223,2129,127.1136,37.122574,0,0
224,2152,127.22881,37.172024,0,0
225,2153,127.13151,37.143816,0,0
226,216,127.20485,37.177374,0,1
227,2160,127.375503,37.185337,0,0
228,21751,127.32901,37.195197,0,1
229,21848,127.354713,37.1605245,0,1
230,2217,127.1758475,37.1766225,0,1
231,222,127.37026,37.124035,0,0
232,2227,127.414154,37.131737,0,0
233,224,127.313985,37.23506,0,0
234,22425,127.3165,37.2440775,0,1
235,2258,127.310875,37.236632,0,1
236,22613,127.3293,37.1913665,0,1
237,2267,127.260994,37.32398,0,0
238,2280,127.12332,37.091957,0,0
239,2289,127.162895,37.303005,0,0
240,2303,127.29418,37.15863,0,0
241,2306,127.165845,37.20972,0,0
242,2313,127.38372,37.155148,0,0
243,2327,127.32043,37.250168,0,0
244,2338,127.2377525,37.355026,0,0
245,2339,127.17826,37.27195,0,0
246,2341,127.314964,37.178947,0,0
247,2351,127.356088,37.177204,0,1
248,2359,127.22446,37.129646,0,0
249,2370,127.311145,37.13207,0,1
250,2407,127.182335,37.107456,0,0
251,2410,127.241356,37.12653,0,0
252,2414,127.14676,37.133945,0,0
253,2439,127.37664,37.182182,0,1
254,2447,127.256265,37.216925,0,1
255,24677,127.257035,37.23969,0,1
256,2470,127.159553,37.104237,0,0
257,2475,127.04863,37.352203,0,1
258,2483,127.3336675,37.254921,0,1
259,2496,127.22049,37.13775,0,0
260,2520,127.25001,37.23472,0,0
261,2533,127.17347,37.206135,0,0
262,2534,127.12595,37.128925,0,0
263,2542,127.339165,37.187546,0,0
264,25504,127.194998,37.178025,0,1
265,25514,127.249573,37.1815165,0,1
266,25521,127.14463,37.224081,0,1
267,25526,127.230605,37.199044,0,1
268,25528,127.279075,37.139185,0,0
269,25530,127.224982,37.200829,0,1
270,25532,127.18522,37.285928,0,1
271,25534,127.270555,37.2442085,0,1
272,25554,127.1085525,37.1721365,0,1
273,25555,127.1206975,37.207541500000005,0,1
274,25556,127.183115,37.326490500000006,0,1
275,25558,127.1759925,37.27284,0,1
276,25561,127.280127,37.245593,0,1
277,25572,127.24211,37.229267,0,1
278,25581,127.288665,37.195310500000005,0,1
279,25586,127.250622,37.235725,0,1
280,25603,127.2180275,37.34506,0,1
281,25608,127.144505,37.243892,0,1
282,25614,127.227455,37.3144415,0,1
283,2562,127.396973,37.14164,0,1
284,25620,127.12657,37.169714,0,1
285,25632,127.182145,37.2836725,0,1
286,25637,127.34595,37.166353,0,1
287,25640,127.2602725,37.202501,0,1
288,25642,127.255245,37.1901015,0,1
289,25643,127.2601525,37.225687,0,0
290,25644,127.28253,37.1727715,0,0
291,25649,127.353472,37.2109985,0,1
292,25661,127.18922,37.2807625,0,1
293,25670,127.166487,37.3194445,0,1
294,25673,127.13717,37.187307,0,1
295,25677,127.3134775,37.198525,0,1
296,25680,127.24123,37.173593,0,1
297,25682,127.22927,37.204698,0,0
298,25683,127.124505,37.1917935,0,1
299,25687,127.167025,37.3110865,0,1
300,25689,127.16053,37.1993365,0,1
301,257,127.138435,37.1674995,0,1
302,25727,127.175998,37.202083,0,1
303,25736,127.183018,37.277804,0,1
304,2576,127.13487,37.14698,0,0
305,25762,127.293875,37.2598065,0,1
306,25767,127.21559,37.313276,0,1
307,25776,127.317502,37.179176,0,1
308,25787,127.194915,37.202135,0,1
309,25791,127.17804,37.2564015,0,1
310,25802,127.1448,37.131233,0,1
311,2624,127.199524,37.1715,0,1
312,2643,127.321395,37.198789000000005,0,1
313,2645,127.36169,37.194336,0,0
314,2652,127.39724,37.151554,0,0
315,2664,127.22657,37.323902,0,0
316,2666,127.05545,37.345467,0,0
317,2688,127.14748,37.220936,0,1
318,2689,127.39527,37.1484,0,1
319,2703,127.3978,37.157864,0,0
320,2711,127.41135,37.126778,0,0
321,2726,127.16369,37.12408,0,0
322,2751,127.1831,37.329205,0,0
323,2760,127.148992,37.137334,0,0
324,2772,127.4000725,37.138035,0,0
325,2779,127.211155,37.148767500000005,0,0
326,2798,127.166315,37.2937775,0,1
327,2807,127.247745,37.32057,0,1
328,2811,127.16882,37.301897,0,1
329,2824,127.34196,37.200172,0,0
330,2854,127.33691,37.1907,0,0
331,2859,127.331565,37.186184,0,0
332,2865,127.13155,37.1348,0,0
333,288,127.137232,37.1242275,0,1
334,2892,127.14923,37.147249,0,1
335,2903,127.166745,37.1335545,0,1
336,29128,127.04209,37.3602885,0,1
337,2924,127.243405,37.3507565,0,1
338,2936,127.318755,37.243182,0,1
339,2940,127.13879,37.1533,0,0
340,2956,127.13768,37.147892,0,0
341,2958,127.235455,37.2026845,0,1
342,2978,127.36902,37.19029,0,0
343,2981,127.322465,37.2229025,0,1
344,2989,127.16827,37.2989655,0,0
345,29924,127.197445,37.3402825,0,1
346,2995,127.24835,37.224346,0,0
347,3,127.387675,37.147714,0,1
348,3020,127.195145,37.2792075,0,0
349,30270,127.145535,37.094055,0,1
350,3032,127.1960295,37.340956000000006,0,1
351,3040,127.3938775,37.1393825,0,0
352,3054,127.191258,37.3339565,0,1
353,3056,127.16765,37.120033,0,1
354,3059,127.128334,37.10279,0,0
355,30624,127.2054225,37.17602,0,1
356,30626,127.285282,37.204786,0,1
357,30627,127.2417,37.203578,0,0
358,30630,127.1793745,37.2676655,0,1
359,30639,127.194805,37.1599935,0,1
360,30641,127.131245,37.1976715,0,0
361,30642,127.1507425,37.2452765,0,1
362,30647,127.150898,37.209675,0,1
363,30652,127.18473,37.274443000000005,0,1
364,30657,127.215182,37.180962,0,0
365,30661,127.175762,37.200503,0,1
366,30662,127.206585,37.3069475,0,1
367,30667,127.25051,37.173397,0,1
368,30689,127.186535,37.31275,0,1
369,30698,127.160045,37.123386,0,0
370,3070,127.37214,37.1769965,0,1
371,30702,127.198642,37.253297,0,1
372,30704,127.1706,37.209274,0,1
373,30707,127.283055,37.204125,0,0
374,30710,127.25548,37.228080000000006,0,1
375,30714,127.246933,37.201726,0,1
376,30715,127.150648,37.3300035,0,1
377,30717,127.14109,37.320971,0,1
378,30718,127.165758,37.2960185,0,1
379,30732,127.194285,37.2778395,0,1
380,30739,127.267072,37.2595335,0,1
381,30766,127.188208,37.1858925,0,1
382,30768,127.24662,37.235609,0,1
383,30779,127.35357,37.1670485,0,1
384,30785,127.1713325,37.305273,0,1
385,30795,127.1871825,37.161775500000005,0,1
386,30800,127.24705,37.1963925,0,1
387,30806,127.1560725,37.3203025,0,1
388,30808,127.2602625,37.193491,0,1
389,30809,127.306065,37.1383415,0,1
390,30813,127.169897,37.3140675,0,1
391,30815,127.1791125,37.2723985,0,1
392,30818,127.281605,37.142795500000005,0,0
393,30825,127.147198,37.22071,0,1
394,30830,127.151225,37.1950205,0,1
395,30835,127.1810725,37.2724065,0,1
396,30836,127.259228,37.1639635,0,1
397,3084,127.04944,37.35874,0,1
398,30850,127.322603,37.246095,0,0
399,30870,127.1859245,37.2577685,0,1
400,30876,127.1725505,37.2126585,0,1
401,30885,127.155115,37.208560000000006,0,1
402,30889,127.30054,37.202588,0,1
403,30892,127.2943675,37.194012,0,1
404,30899,127.12035,37.176228,0,1
405,3091,127.230835,37.235577,0,0
406,30913,127.19979,37.3186495,0,1
407,30914,127.126772,37.18887,0,1
408,30921,127.162002,37.3117575,0,1
409,30922,127.15267,37.319412,0,1
410,30926,127.167927,37.3075045,0,1
411,30927,127.132167,37.176941,0,1
412,30929,127.133485,37.201961,0,1
413,30932,127.181915,37.2748865,0,1
414,30941,127.162763,37.2056565,0,1
415,30957,127.1755225,37.320143,0,1
416,30968,127.170963,37.308603000000005,0,1
417,30986,127.187583,37.206394,0,1
418,30991,127.250085,37.299389,0,1
419,30995,127.250235,37.235377,0,1
420,3103,127.23162,37.174282,0,1
421,3113,127.30986,37.193363,0,0
422,3120,127.28801,37.15006,0,0
423,31332,127.327383,37.168825,0,1
424,3146,127.284065,37.15095,0,0
425,3149,127.24865,37.30232,0,0
426,3193,127.26477,37.19869,0,0
427,3197,127.22206,37.170204,0,0
428,3199,127.162155,37.21557,0,0
429,3226,127.25118,37.220295,0,0
430,3265,127.19157,37.189056,0,0
431,3269,127.1359125,37.164336,0,0
432,3297,127.303825,37.238874,0,0
433,3318,127.3070295,37.1974145,0,0
434,3322,127.253698,37.3133725,0,0
435,3329,127.22324,37.30857,0,1
436,3348,127.26522,37.237,0,0
437,3352,127.12719,37.10594,0,0
438,3356,127.308867,37.14063,0,1
439,3370,127.14042,37.165028,0,0
440,3373,127.04524,37.353092,0,0
441,3385,127.235054,37.318966,0,1
442,3393,127.217293,37.3153175,0,0
443,3395,127.33117,37.238464,0,1
444,3397,127.25855,37.20589,0,0
445,340,127.1542675,37.091603,0,1
446,3404,127.310036,37.12215,0,0
447,3405,127.19508,37.156166,0,0
448,3421,127.37816,37.111423,0,0
449,3423,127.2105,37.173782,0,1
450,3457,127.11418,37.119873,0,0
451,34625,127.2445295,37.3536885,0,1
452,3474,127.401475,37.142544,0,0
453,3491,127.128136,37.143806,0,0
454,3493,127.20519,37.162952,0,0
455,3495,127.392735,37.1483955,0,1
456,3508,127.17981,37.171898,0,1
457,3515,127.04494,37.356692,0,1
458,35159,127.266615,37.240609,0,1
459,3519,127.39833,37.17544,0,0
460,3520,127.2571,37.306843,0,1
461,3528,127.12995,37.23305,0,0
462,3529,127.16989,37.122295,0,0
463,3540,127.32102,37.239353,0,0
464,3559,127.177986,37.204346,0,1
465,35704,127.258205,37.142086500000005,0,1
466,35709,127.186495,37.251652,0,1
467,35711,127.178997,37.297401,0,1
468,35712,127.151522,37.323446,0,1
469,35715,127.17671,37.300106,0,1
470,35720,127.160873,37.316946,0,1
471,35726,127.18395,37.1966955,0,1
472,35731,127.06809,37.257181,0,1
473,35734,127.1461475,37.2060565,0,1
474,35736,127.17741,37.2746465,0,1
475,35738,127.18295,37.291108,0,1
476,35742,127.154545,37.2105595,0,1
477,35743,127.21924,37.1715475,0,1
478,35745,127.1771,37.289051,0,1
479,35748,127.178272,37.1982555,0,0
480,35752,127.319745,37.1787145,0,1
481,35755,127.1894125,37.1753015,0,0
482,35760,127.1908,37.312301,0,1
483,35762,127.19106,37.17733749999999,0,0
484,35766,127.17734,37.291552,0,1
485,35773,127.257368,37.2257085,0,1
486,35788,127.1614425,37.1792815,0,0
487,35790,127.347575,37.1873115,0,1
488,35794,127.144988,37.21124,0,1
489,3580,127.3130975,37.2503815,0,0
490,35802,127.1820075,37.252228,0,1
491,35808,127.1267175,37.195852,0,1
492,35813,127.1763375,37.257967,0,1
493,35816,127.14472,37.151515,0,1
494,35819,127.149185,37.213726,0,1
495,35820,127.2858225,37.214489,0,1
496,35830,127.291465,37.201625,0,1
497,35834,127.326215,37.168815,0,1
498,35843,127.1634175,37.30862,0,1
499,35849,127.177722,37.2645075,0,0
500,35853,127.1771775,37.258396000000005,0,1
501,35855,127.1941875,37.276657,0,1
502,3586,127.22095,37.31893,0,0
503,35882,127.201283,37.154599000000005,0,1
504,35886,127.15011,37.2033635,0,1
505,35889,127.16406,37.304789,0,1
506,35890,127.275215,37.282532,0,1
507,35894,127.2611005,37.2330745,0,1
508,3590,127.171844,37.32016,0,1
509,35909,127.17918,37.253466,0,1
510,3592,127.21884,37.126926,0,0
511,35921,127.127245,37.208927,0,1
512,35925,127.17556,37.31044,0,1
513,35928,127.269575,37.2818505,0,0
514,35930,127.227605,37.1995025,0,1
515,35941,127.2107,37.127577,0,0
516,35948,127.16412,37.204521,0,1
517,35955,127.266918,37.2261835,0,1
518,35969,127.155195,37.2500155,0,0
519,35972,127.24141,37.202469,0,1
520,35984,127.17755,37.174371,0,1
521,35986,127.18654,37.185888,0,1
522,35987,127.2423555,37.233995,0,1
523,36000,127.1474495,37.2146115,0,1
524,36010,127.168545,37.30772,0,1
525,36014,127.18591,37.2546025,0,1
526,36029,127.282315,37.1734695,0,0
527,36046,127.293298,37.265894,0,1
528,36055,127.186105,37.2818825,0,1
529,36066,127.18174,37.192855,0,1
530,36067,127.1870675,37.205025,0,1
531,36070,127.268565,37.2060795,0,1
532,36079,127.16003,37.3086205,0,1
533,36091,127.23162,37.232612,0,1
534,36094,127.16872,37.2007085,0,1
535,36100,127.114005,37.208207,0,1
536,36101,127.14643,37.320518,0,0
537,36102,127.24716,37.223848,0,1
538,36104,127.19071,37.331455000000005,0,1
539,36105,127.153482,37.195259,0,1
540,36111,127.13034,37.2082615,0,1
541,36116,127.171085,37.177055,0,1
542,36136,127.179798,37.294214,0,1
543,36138,127.2054555,37.3175285,0,1
544,36150,127.1819375,37.26948350000001,0,1
545,36173,127.23884,37.230301,0,1
546,36186,127.16732,37.322601000000006,0,1
547,36188,127.176085,37.26041,0,1
548,36190,127.2627945,37.2036315,0,1
549,36191,127.148695,37.32366,0,1
550,36192,127.13721,37.184395,0,1
551,36423,127.325345,37.1967675,0,1
552,3674,127.34028,37.19521,0,0
553,3677,127.1827,37.288865,0,0
554,3680,127.1765,37.0885115,0,0
555,36863,127.387952,37.151321,0,1
556,3697,127.24946,37.23066,0,0
557,3703,127.16858,37.293106,0,0
558,37082,127.152947,37.3201045,0,1
559,3717,127.2657,37.26359,0,1
560,3723,127.23649,37.232433,0,0
561,3734,127.24408,37.318985,0,0
562,3736,127.137215,37.12851,0,1
563,3759,127.215145,37.135708,0,1
564,3785,127.170255,37.2960425,0,0
565,3786,127.38542,37.148388,0,1
566,3809,127.238048,37.3505185,0,0
567,3834,127.34425,37.181244,0,0
568,3842,127.21527,37.17785,0,0
569,3858,127.37351,37.198406,0,0
570,3885,127.30659,37.151894,0,0
571,38991,127.15464,37.318981,0,1
572,3910,127.396415,37.1378075,0,0
573,3939,127.13414,37.2407265,0,1
574,3956,127.12988,37.13164,0,0
575,3967,127.21727,37.170868,0,1
576,3974,127.1227,37.103226,0,1
577,398,127.3269,37.254912,0,1
578,40,127.3642625,37.17293,0,1
579,4011,127.38879,37.15425,0,1
580,40390,127.32732,37.1956445,0,1
581,4072,127.10966,37.123463,0,1
582,40829,127.260615,37.190553,0,1
583,40831,127.178568,37.264507,0,1
584,40838,127.2646125,37.2247885,0,1
585,40854,127.137715,37.199498,0,1
586,40864,127.1871925,37.270098,0,1
587,40870,127.181259,37.2947115,0,1
588,40875,127.24984,37.226955,0,1
589,40884,127.286745,37.197603,0,0
590,40886,127.169885,37.319455,0,1
591,40895,127.281285,37.1977825,0,0
592,40897,127.14839,37.3299735,0,1
593,40900,127.190995,37.328533,0,1
594,40902,127.1532925,37.2475265,0,1
595,40917,127.18197,37.25729,0,1
596,40919,127.1636725,37.319235,0,1
597,40923,127.264793,37.180428500000005,0,1
598,40928,127.17421,37.297178,0,1
599,40941,127.330955,37.186374,0,1
600,40948,127.184778,37.332573,0,1
601,40960,127.1989775,37.3159235,0,1
602,40961,127.12038,37.212045,0,1
603,40962,127.238312,37.2357045,0,1
604,40965,127.33212,37.1638535,0,0
605,40980,127.264965,37.1954325,0,1
606,41002,127.187545,37.270375,0,1
607,41003,127.198405,37.314812,0,1
608,41006,127.19221,37.172157,0,0
609,41013,127.19842,37.3125585,0,1
610,41044,127.162542,37.314028500000006,0,1
611,41046,127.15041,37.3160305,0,1
612,41053,127.11818,37.1627015,0,1
613,41062,127.25784,37.22725,0,1
614,41063,127.303307,37.200313,0,0
615,41068,127.1582825,37.319874,0,1
616,41073,127.171285,37.319023,0,1
617,41074,127.256375,37.177708,0,1
618,41075,127.219295,37.1553225,0,1
619,41078,127.188415,37.207976,0,1
620,41081,127.293968,37.209549,0,0
621,41083,127.238775,37.2322105,0,1
622,41085,127.18752,37.2821045,0,1
623,41086,127.187235,37.2712515,0,1
624,41092,127.147645,37.245495,0,1
625,41097,127.243338,37.223084,0,1
626,41106,127.188507,37.320411,0,1
627,41108,127.192615,37.276039,0,1
628,41117,127.173423,37.2036475,0,1
629,41118,127.124465,37.197645,0,1
630,41119,127.262143,37.225256,0,1
631,41132,127.1622525,37.131285,0,1
632,41149,127.18026,37.1320125,0,1
633,41150,127.177725,37.262478,0,1
634,41161,127.266933,37.212433,0,0
635,41168,127.257047,37.199505,0,1
636,41170,127.18931,37.251219000000006,0,1
637,41183,127.28685,37.246502,0,1
638,41185,127.155517,37.311551,0,1
639,41186,127.2561625,37.244863,0,1
640,41189,127.180528,37.2038985,0,1
641,4119,127.2133025,37.176265,0,0
642,41191,127.165695,37.302766,0,1
643,41192,127.177807,37.1901415,0,1
644,41199,127.157952,37.205402500000005,0,1
645,41206,127.27626,37.214924,0,1
646,41213,127.167415,37.10944,0,0
647,41222,127.281355,37.203002,0,1
648,41230,127.23334,37.2308295,0,1
649,41234,127.180345,37.1802375,0,1
650,41237,127.3024,37.146225,0,1
651,41239,127.177753,37.32578,0,1
652,41242,127.1061025,37.2095355,0,1
653,41254,127.114285,37.202118,0,1
654,41255,127.175895,37.2933425,0,1
655,41262,127.17931,37.272602500000005,0,1
656,41270,127.19361,37.1807185,0,1
657,41278,127.286965,37.200487,0,1
658,41280,127.1778675,37.30258,0,1
659,41282,127.172475,37.30413849999999,0,1
660,41284,127.27053,37.2511995,0,1
661,41287,127.177155,37.265413,0,1
662,41291,127.15287,37.2096805,0,1
663,4130,127.14547,37.167744,0,0
664,41305,127.2627,37.1979195,0,1
665,41308,127.231,37.207144,0,1
666,41315,127.262495,37.1997935,0,1
667,41333,127.181485,37.309795,0,1
668,41339,127.247132,37.1733875,0,1
669,4134,127.0415575,37.355554,0,0
670,41341,127.170811,37.297619,0,0
671,41342,127.3203545,37.233244,0,1
672,41344,127.235214,37.2251335,0,1
673,41346,127.170995,37.126805,0,0
674,41348,127.183205,37.3005725,0,1
675,41351,127.180812,37.251873,0,1
676,41358,127.2529795,37.239874,0,1
677,41362,127.20041,37.308737,0,1
678,41366,127.145625,37.1999685,0,1
679,41372,127.17895,37.2978385,0,1
680,41376,127.2637525,37.243971,0,1
681,41377,127.163755,37.180414,0,1
682,41384,127.31417,37.243605,0,0
683,41392,127.122707,37.211617,0,1
684,4146,127.21081,37.167023,0,1
685,4154,127.26591,37.196438,0,0
686,41578,127.213335,37.169281,0,1
687,4186,127.137337,37.161635,0,0
688,4225,127.235222,37.352318,0,1
689,4232,127.26016,37.231133,0,0
690,4238,127.25037,37.296463,0,0
691,4239,127.211494,37.13322,0,0
692,4240,127.24617,37.200905,0,0
693,4241,127.21857,37.352053,0,0
694,42567,127.229838,37.357486,0,1
695,4312,127.2405825,37.352555,0,0
696,4361,127.30493,37.13882,0,0
697,4389,127.314354,37.19968,0,0
698,4404,127.14633,37.10375,0,1
699,4489,127.17464,37.326477,0,0
700,4542,127.18193,37.203907,0,0
701,4544,127.327354,37.179867,0,0
702,4549,127.2564775,37.2383375,0,0
703,4555,127.218557,37.354755,0,1
704,4565,127.33465,37.1943,0,1
705,45903,127.260425,37.238330000000005,0,1
706,45912,127.317785,37.178725,0,1
707,45918,127.1543195,37.195936,0,1
708,45929,127.124545,37.189763,0,1
709,4593,127.374955,37.1785755,0,0
710,45935,127.23285,37.231522,0,1
711,45936,127.17885,37.2638375,0,1
712,45945,127.269065,37.255251,0,1
713,45948,127.25985,37.2171115,0,1
714,45950,127.108538,37.170328,0,1
715,45952,127.120255,37.1980895,0,1
716,45974,127.259338,37.219846,0,1
717,45992,127.115475,37.1958215,0,1
718,45994,127.1752125,37.32713,0,1
719,46001,127.12467,37.210714,0,1
720,46006,127.1640075,37.174557,0,1
721,46012,127.23702,37.320097,0,1
722,46018,127.169602,37.321943,0,1
723,46036,127.177265,37.17955,0,1
724,46038,127.194365,37.1694015,0,1
725,46043,127.3075105,37.2018875,0,1
726,46045,127.180515,37.2651845,0,1
727,46055,127.1845025,37.2613755,0,1
728,46058,127.2576375,37.17852,0,1
729,46065,127.348185,37.18215,0,1
730,46066,127.273353,37.14998799999999,0,1
731,46071,127.26407,37.228195,0,0
732,46084,127.1733855,37.297165,0,1
733,46085,127.181895,37.287711,0,1
734,46090,127.15236,37.196155000000005,0,1
735,46105,127.1827,37.286835,0,1
736,46107,127.190745,37.254606,0,1
737,46108,127.185305,37.262719,0,1
738,46122,127.262665,37.2309035,0,1
739,46131,127.262115,37.3266835,0,1
740,46135,127.145662,37.223147,0,0
741,46136,127.1666575,37.3473825,0,1
742,46138,127.337715,37.187969,0,1
743,46144,127.1895075,37.277158,0,1
744,46145,127.25778,37.266272,0,1
745,46164,127.1338325,37.1803165,0,1
746,46165,127.17716,37.1991595,0,1
747,46168,127.12755,37.202395,0,1
748,46171,127.167357,37.314963,0,1
749,46186,127.154255,37.216899,0,1
750,46191,127.13215,37.1282675,0,1
751,46197,127.18534,37.1989575,0,1
752,46200,127.17589,37.2960465,0,1
753,46206,127.17478,37.297386,0,1
754,46235,127.156045,37.1954955,0,1
755,46253,127.268075,37.19863,0,1
756,46267,127.183313,37.2733075,0,1
757,46275,127.183405,37.1892625,0,1
758,46282,127.151837,37.3094885,0,1
759,46288,127.2637925,37.24082,0,1
760,46289,127.156345,37.311082,0,1
761,46291,127.222023,37.180119000000005,0,1
762,46295,127.145565,37.3229885,0,1
763,46299,127.124865,37.1766945,0,1
764,463,127.4029,37.128574,0,0
765,46308,127.1804325,37.2852375,0,1
766,46309,127.1845705,37.317709,0,1
767,46314,127.1673675,37.302083,0,0
768,46322,127.247195,37.1496975,0,0
769,46324,127.23962,37.2031,0,1
770,46327,127.17813,37.30215,0,1
771,46332,127.249161,37.201538,0,1
772,46359,127.190215,37.3123165,0,1
773,46364,127.16512,37.177942,0,1
774,46368,127.165722,37.298730000000006,0,1
775,46370,127.1618675,37.208576,0,1
776,46381,127.254895,37.177395,0,1
777,46384,127.173942,37.296709,0,0
778,46391,127.187375,37.253041,0,1
779,46407,127.218765,37.1654415,0,1
780,46410,127.253713,37.2182715,0,1
781,46412,127.181057,37.274875,0,1
782,46424,127.150442,37.25,0,1
783,46427,127.207973,37.3184465,0,1
784,46429,127.169636,37.30481,0,1
785,46432,127.216712,37.3164415,0,1
786,46445,127.273035,37.1628385,0,1
787,46446,127.1745025,37.298511000000005,0,1
788,4645,127.17296,37.32467,0,0
789,46462,127.16227,37.1925815,0,1
790,46468,127.18778,37.2766895,0,1
791,46470,127.271455,37.136036,0,0
792,46471,127.19902,37.164958,0,1
793,46474,127.17217,37.306396500000005,0,1
794,46483,127.1344175,37.228548,0,1
795,46487,127.23757,37.226308,0,1
796,46488,127.1272775,37.198105,0,0
797,46489,127.1671225,37.312899,0,0
798,46496,127.165375,37.19214,0,1
799,46506,127.18755,37.2749035,0,1
800,46528,127.167912,37.316512,0,1
801,46552,127.189945,37.1753045,0,0
802,46556,127.288925,37.2158395,0,1
803,46568,127.26187,37.2173825,0,0
804,46572,127.1794225,37.264742,0,0
805,46575,127.26351,37.2417235,0,1
806,46588,127.2362,37.2326565,0,1
807,4659,127.38594,37.175884,0,0
808,46593,127.18008,37.31049,0,1
809,467,127.33971,37.197464,0,0
810,4715,127.054805,37.3583105,0,0
811,4752,127.37016,37.179474,0,0
812,4768,127.125336,37.13974,0,1
813,478,127.200665,37.167448,0,1
814,4835,127.29223,37.254627,0,0
815,4848,127.22261,37.17381,0,1
816,4983,127.39218,37.14614,0,0
817,5,127.32444,37.22178,0,1
818,5119,127.327045,37.192938,0,1
819,5128,127.0466345,37.3560235,0,1
820,513,127.265255,37.224832500000005,0,1
821,5173,127.153515,37.318754,0,1
822,5184,127.23352,37.352765000000005,0,1
823,519,127.32161,37.22899,0,0
824,52,127.416118,37.1357955,0,1
825,522,127.0305,37.3625,0,0
826,524,127.3131295,37.23889,0,1
827,5243,127.1508905,37.0915925,0,1
828,5303,127.398935,37.143219,0,1
829,5306,127.2457875,37.2317765,0,0
830,532,127.11052,37.120085,0,0
831,5395,127.142195,37.146103,0,1
832,5457,127.211385,37.163868,0,1
833,5557,127.389375,37.1393775,0,1
834,5606,127.32463,37.2625695,0,1
835,5612,127.246645,37.313132,0,1
836,5681,127.18433,37.100698,0,1
837,5693,127.210855,37.154177,0,1
838,571,127.150856,37.221394,0,0
839,5826,127.32342,37.174681,0,0
840,5876,127.167315,37.132203,0,0
841,596,127.126686,37.094673,0,0
842,597,127.3454,37.17223,0,0
843,598,127.32863,37.23846,0,1
844,605,127.21044,37.11429,0,1
845,6079,127.17562,37.0988735,0,1
846,611,127.11808,37.127098,0,0
847,6241,127.247475,37.3180915,0,1
848,633,127.2852,37.1478,0,1
849,6430,127.358627,37.17315,0,0
850,646,127.2082475,37.1730995,0,1
851,6489,127.31424,37.244522,0,1
852,65,127.224304,37.172462,0,1
853,657,127.25565,37.319234,0,1
854,6582,127.19092,37.279422,0,1
855,66,127.133125,37.1589175,0,0
856,6618,127.1780395,37.191950000000006,0,1
857,662,127.173355,37.10157,0,0
858,6712,127.384545,37.1704725,0,0
859,6740,127.18816,37.196261500000006,0,1
860,6749,127.178915,37.183839500000005,0,0
861,676,127.232255,37.15400150000001,0,0
862,683,127.30406,37.2569,0,1
863,692,127.171838,37.191934,0,1
864,6941,127.330825,37.264605,0,0
865,6962,127.319055,37.2359675,0,1
866,697,127.1584425,37.101981,0,0
867,7005,127.260735,37.228204,0,1
868,7007,127.2133175,37.172436,0,1
869,702,127.37647,37.10917,0,0
870,703,127.33731,37.26552,0,0
871,7034,127.1477775,37.095863,0,1
872,7070,127.185922,37.260254,0,1
873,7196,127.230403,37.35636,0,1
874,724,127.269985,37.2451225,0,0
875,7242,127.37439,37.18128,0,1
876,726,127.1826275,37.306217,0,0
877,7321,127.1339825,37.1559925,0,1
878,7451,127.196582,37.342759,0,1
879,7523,127.33323,37.1983565,0,0
880,758,127.30892,37.11719,0,0
881,766,127.35667,37.166836,0,1
882,768,127.139585,37.16277,0,0
883,788,127.248055,37.2286275,0,1
884,7883,127.3916075,37.150648,0,1
885,7906,127.332965,37.1900165,0,1
886,7920,127.32663,37.2510775,0,1
887,7968,127.166575,37.299187,0,0
888,8082,127.25651,37.3140545,0,1
889,8143,127.192993,37.2546385,0,1
890,833,127.23925,37.1666375,0,0
891,8349,127.055645,37.35944,0,1
892,844,127.17465,37.323322,0,0
893,864,127.14579,37.099915,0,1
894,866,127.12523,37.1045835,0,0
895,874,127.18496,37.288647,0,0
896,879,127.3276,37.19767,0,1
897,8867,127.1708175,37.297171500000005,0,0
898,887,127.1402075,37.148798,0,1
899,890,127.15962,37.09049,0,0
900,908,127.145545,37.092703,0,0
901,928,127.1717325,37.2160475,0,0
902,931,127.317915,37.2397975,0,1
903,963,127.3681975,37.177893,0,1
904,974,127.3674675,37.111187,0,0
905,976,127.2225495,37.190262,0,0
906,99,127.25204,37.302776,0,1
907,997,127.31747,37.1926995,0,1
908,신동백 두산위브더제니스,127.1307873,37.3068791,1,0
909,죽전역 솔하임,127.1147347,37.3285451,1,0
910,광교상현 솔하임,127.0746681,37.3025152,1,0
911,성복역 롯데캐슬 클라시엘(파크나인2차),127.0617329,37.3196014,1,0
912,까뮤이스테이트,127.10936054487,37.33511645,1,0
913,성복역롯데캐슬파크나인1차,127.06247587844518,37.31846835,1,0
914,더샵 동천이스트포레,127.0910384,37.3279766,1,0
915,상현더샵파크사이드,127.0878009,37.3093987,1,0
916,기흥힉스유타워,127.1351027,37.2665761,1,0
917,동천파크자이,127.0896719,37.3311648,1,0
918,성복역 롯데캐슬 골드타운,127.0835068,37.3125196,1,0
919,동천자이2차,127.0939277,37.3415923,1,0
920,신흥덕 롯데캐슬레이시티,127.103161,37.3011135,1,0
921,역북신원아침도시,127.1952091,37.2429352,1,0
922,용인 에스원 스마트빌,127.237604,37.3068472,1,0
923,수지파크푸르지오,127.0995279,37.3258793,1,0
924,유메이드 주상복합,127.2010986,37.2351079,1,0
925,수지신봉동도센트리움,127.0677934,37.3280451,1,0
926,한샘 더랜드마크,127.0638181,37.2990184,1,0
927,동천 자이,127.0975365,37.3426472,1,0
928,죽전 효성해링턴플레이스,127.1098971,37.3311898,1,0
929,기흥우방아이유쉘,127.1001766,37.2777465,1,0
930,동백라온프라이빗 테리스파크,127.1552288,37.2852759,1,0
931,양우내안애 에듀파크 아파트,127.214091,37.2422905,1,0
932,광교상현 꿈에그린,127.0734646,37.3053521,1,0
933,역북 지웰푸르지오,127.1836045,37.2300305,1,0
934,서천효성해링턴플레이스,127.0738492,37.2452093,1,0
935,동백코아루스칸디나하우스,127.1583908,37.282445,1,0
936,영통로 효성해링턴플레이스,127.0692172,37.2441747,1,0
937,레이크포레,127.0841428,37.3026799,1,0
938,수지 동도센트리움,127.0913209,37.3122455,1,0
939,역북2단지 우남퍼스트빌,127.08027223092888,37.30410985,1,0
940,역북1단지 우남퍼스트빌,127.0776234,37.237902,1,0
941,신동백 동도센트리움,127.1021596,37.3220175,1,0
942,힐스테이트 서천,127.0948439,37.323921,1,0
943,용인 에이스카운티,127.0855843,37.3271735,1,0
944,서천2차IPARK,127.0787946,37.3124268,1,0
945,수지 삼성 1차아파트,127.0960666,37.3331569,1,0
946,수지 한성아파트,127.1056551,37.3333285,1,0
947,수지 건영아파트,127.1291756,37.3278186,1,0
948,수지 삼성2차아파트,127.1184717,37.3264335,1,0
949,수지 동문아파트,127.0867672,37.3171729,1,0
950,우성그린빌,127.0874755,37.3168587,1,0
951,도담마을 휴먼빌,127.0967851,37.3258377,1,0
952,수지 동보4차아파트,127.0965414,37.3174854,1,0
953,수지 동보3차아파트,127.098123,37.3244962,1,0
954,정자뜰마을 태영데시앙 1차아파트,127.0868435,37.3188145,1,0
955,진산마을 삼성7차,127.085118,37.318993,1,0
956,진산마을 삼성6차,127.0953972,37.325273,1,0
957,신정마을 현대성우A,127.0884924,37.3225394,1,0
958,신정마을 9단지 주공A,127.0899475,37.3233488,1,0
959,신정마을 7단지상록,127.0937358,37.3149192,1,0
960,신정마을 6단지상록,127.0826103,37.3142718,1,0
961,신정마을 진흥아파트,127.1008171590469,37.3235818,1,0
962,신정마을 우성A,127.0693699,37.329649,1,0
963,신정마을 성지A,127.0750061,37.3280603,1,0
964,신정마을 극동.임광A,127.0993801,37.3415099,1,0
965,신정마을 현대프라임,127.12716176690176,37.32935795,1,0
966,수지 동보1차아파트,127.1244861480497,37.3269601,1,0
967,수지진산마을푸르지오,127.1130322,37.3223284,1,0
968,정자뜰마을 태영데시앙 2차아파트,127.1332921,37.3295164,1,0
969,수지푸르지오 월드마크,127.076756,37.2961016,1,0
970,수지웰스톤시티,127.0736731,37.3262579,1,0
971,내대지마을 주공2단지아파트,127.0789381,37.3126925,1,0
972,내대지마을 주공아파트,127.0700016,37.3143159,1,0
973,광교마을 45단지,127.0591696,37.318,1,0
974,신봉마을 LG빌리지5차 A단지,127.0797096,37.321986,1,0
975,성동마을 강남빌리지,127.1214258,37.3317663,1,0
976,용인 성복아이파크,127.1087904,37.3273104,1,0
977,창죽마을 수지 벽산2단지,127.1071307,37.3350493,1,0
978,신봉마을 LG빌리지5차 B단지,127.1101344,37.3322064,1,0
979,신봉마을 LG자이 1차,127.11815084917876,37.32923025,1,0
980,대지마을 2차 현대홈타운 ,127.1166338,37.3248592,1,0
981,창죽마을 수지 벽산3단지(302-305동),127.1256718,37.3281613,1,0
982,죽전아이뷰,127.1105883,37.3304502,1,0
983,도담마을 아이파크,127.1044575,37.3360919,1,0
984,도담마을 7단지 뜨리에체아파트,127.0667775,37.3309747,1,0
985,대지마을 대주한신아파트,127.0809731,37.3243227,1,0
986,대지마을 수지길훈1차아파트,127.0831165,37.3235099,1,0
987,대지마을 죽전퍼스트하임,127.0818817,37.3234854,1,0
988,죽전 현대1차아파트,127.081801,37.3206602,1,0
989,창죽마을 수지 벽산1단지,127.0742298,37.3293637,1,0
990,내대지마을 용인죽전동부센트레빌,127.0785521,37.3209527,1,0
991,서홍마을 한일아파트,127.1137096,37.3327473,1,0
992,서홍마을 벽산블루밍,127.11767835,37.32574755,1,0
993,서홍마을 4단지(효성.현산),127.0698677,37.328391,1,0
994,서홍마을 우남퍼스트빌,127.0683901,37.3257981,1,0
995,신봉마을 자이 2차아파트,127.0658155,37.3262307,1,0
996,신봉마을 자이3차,127.1151562,37.3328798,1,0
997,내대지마을 죽전이편한세상아파트,127.0648305,37.3286144,1,0
998,도담마을  현대홈타운 4차 1단지,127.0785801,37.3147153,1,0
999,신봉마을 동부센트레빌1단지,127.0987587,37.3415982,1,0
1000,신봉마을 동일하이빌2단지,127.097366,37.33995,1,0
1001,신봉마을 동일하이빌3단지,127.0971952,37.3412194,1,0
1002,대지마을 중앙하이츠빌,127.0854465,37.3359152,1,0
1003,신봉마을 동일하이빌 4단지,127.0890317,37.3365954,1,0
1004,성동마을 수지자이2차,127.0912812,37.3370339,1,0
1005,보뜨랑마을 벽산블루밍아파트,127.0731551,37.2966082,1,0
1006,동천마을동문굿모닝힐6차,127.0757415,37.3008568,1,0
1007,동천마을동문굿모닝힐5차,127.0744814,37.2975266,1,0
1008,한빛마을 래미안이스트팰리스 3단지,127.0740661,37.3069612,1,0
1009,한빛마을 래미안이스트팰리스 1단지,127.0785225,37.3026709,1,0
1010,한빛마을 래미안이스트팰리스 2단지,127.0776935,37.3042216,1,0
1011,심곡마을 광교힐스테이트,127.0793576,37.3045451,1,0
1012,광교경남아너스빌,127.0801526,37.3029093,1,0
1013,광교마을 상록자이 아파트,127.0806231,37.3024198,1,0
1014,상현마을 쌍용1차아파트(A단지),127.0807309,37.3053521,1,0
1015,상현마을 현대성우2차아파트,127.08298395371156,37.305808600000006,1,0
1016,상현마을 쌍용2차아파트(B단지),127.0846013,37.3086734,1,0
1017,상현마을 동일스위트,127.0782904,37.3069962,1,0
1018,상현마을 금호 베스트빌4단지,127.079244,37.3097216,1,0
1019,상현마을 성우5차아파트 ,127.0860639,37.3499956,1,0
1020,상현마을 현대2차아파트,127.1009937,37.3361755,1,0
1021,서원마을 현대홈타운아파트,127.06428429615649,37.3182911,1,0
1022,서원마을 3단지 아이파크,127.0657429,37.319083,1,0
1023,상현마을 성원상떼빌아파트,127.0608299,37.315569,1,0
1024,서원마을 금호베스트빌 5단지,127.0623748,37.3144422,1,0
1025,동천마을 영풍아파트,127.0795161,37.3163269,1,0
1026,버들치마을 성복 힐스테이트 2차,127.0627070604572,37.32245185,1,0
1027,버들치마을 성복자이1차,127.0818587,37.3107401,1,0
1028,버들치마을 경남아너스빌 1차,127.0899797,37.304242,1,0
1029,성동마을 수지자이아파트,127.0902148,37.3096551,1,0
1030,푸른마을 푸르지오아파트,127.0872644,37.3147528,1,0
1031,만현마을 3단지 성원상떼빌,127.08506715,37.3034589,1,0
1032,만현마을 1단지 롯데캐슬아파트,127.092531,37.3131086,1,0
1033,만현마을 10단지 아이파크,127.0936442,37.3382136,1,0
1034,만현마을 2단지아이파크,127.0990181,37.3397237,1,0
1035,상현마을 현대성우3차아파트,127.0968411,37.3393209,1,0
1036,만현마을 쌍용1차아파트,127.0947149,37.3355934,1,0
1037,수지 성원아파트,127.1112499,37.3323336,1,0
1038,만현마을 동보2차아파트,127.1123431,37.3322915,1,0
1039,동천마을 동문3차아파트,127.1112336,37.3344424,1,0
1040,동천마을 현대1차홈타운,127.122341233198,37.3276495,1,0
1041,현인마을 이-편한세상1단지,127.11612605040864,37.32105785,1,0
1042,꽃메마을 현대홈타운 (4차 4단지),127.1123065,37.3340969,1,0
1043,꽃메마을 현대홈타운 (4차 3단지),127.1247359,37.3352881,1,0
1044,벽산블루밍아파트,127.122434,37.3313812,1,0
1045,꽃메마을 극동스타클래스,127.11977815,37.33089925,1,0
1046,현인마을 이-편한세상2단지,127.12676104221563,37.3300832,1,0
1047,새터마을 죽전힐스테이트,127.12884065,37.33263835,1,0
1048,내대지마을 건영캐스빌,127.1298883,37.3324076,1,0
1049,새터마을 모아미래도 (301-305동),127.1050914,37.2438645,1,0
1050,내대지마을 푸르지오아파트,127.0689493,37.2398673,1,0
1051,내대지마을 진흥더블파크,127.1655209,37.283071,1,0
1052,내대지마을 광명샤인빌,127.1575426,37.2839261,1,0
1053,신동백 서해그랑블 2차,127.1339634,37.2706091,1,0
1054,한보라마을 휴먼시아 7단지,127.1110722,37.2883767,1,0
1055,서천마을 휴먼시아 3단지(임대),127.0736214,37.2717225,1,0
1056,백현마을 9단지 주공그린빌,127.1339697,37.2900639,1,0
1057,흥덕마을 휴먼시아 4단지(임대),127.1427304,37.2754251,1,0
1058,동백 광명샤인빌,127.1416701,37.2577914,1,0
1059,금화마을 주공그린빌 6단지,127.1368455,37.2677011,1,0
1060,금화마을 주공그린빌3단지,127.1361457,37.2619359,1,0
1061,수원동마을 쌍용아파트,127.0711334,37.2769627,1,0
1062,강남마을 한라비발디,127.1567299,37.2674744,1,0
1063,수원동마을 쌍용스윗닷홈 2단지(201-207),127.1009117,37.312003,1,0
1064,갈천마을 신일유토빌아파트,127.1058435,37.2807251,1,0
1065,지석마을 진흥더루벤스(1단지),127.118273,37.2219698,1,0
1066,지석마을 그대가 크레던스,127.1136331,37.3192694,1,0
1067,서그내마을 에스케이아파트,127.1121144,37.3152573,1,0
1068,흥덕마을 휴먼시아 1단지(임대),127.1108656444493,37.320069,1,0
1069,연원마을 금호베스트빌,127.1094087,37.3099023,1,0
1070,죽현마을 엘지자이,127.1101066,37.3082398,1,0
1071,죽전 누리에뜰(주상복합),127.1118095,37.30821,1,0
1072,죽현마을 아이파크,127.1138625,37.3058748,1,0
1073,죽현마을 동원로얄듀크,127.1139839,37.3027329,1,0
1074,신촌마을 현대포스홈타운 1단지,127.1095177,37.3017072,1,0
1075,신촌마을 현대포스홈타운 2단지,127.0940451,37.3393665,1,0
1076,용인보정 꿈에그린아파트,127.0820446,37.2702781,1,0
1077,연원마을 성원A,127.1491694,37.2907983,1,0
1078,넥스빌아파트,127.1461213,37.2943364,1,0
1079,금화마을 주공그린빌5단지,127.1488303,37.2962509,1,0
1080,동문그린아파트,127.0677362,37.2433786,1,0
1081,수지 풍림2차아파트,127.111252,37.2768496,1,0
1082,흥덕마을 12단지 신동아파밀리에,127.1470835,37.2849128,1,0
1083,구성 물푸레마을 휴먼시아 9단지,127.1479847,37.2827063,1,0
1084,구성 물푸레마을 휴먼시아 1단지,127.1450797,37.283354,1,0
1085,구성 물푸레마을 휴먼시아 2단지,127.0761335,37.2657819,1,0
1086,구성 물푸레마을 휴먼시아 5단지,127.0870457,37.249791,1,0
1087,어정마을 롯데캐슬에코 1단지,127.1503097,37.2997031,1,0
1088,용인 청명 센트레빌,127.14077,37.2878502,1,0
1089,청명호수마을 신안인스빌1단지,127.1574487,37.2687093,1,0
1090,물푸레마을 용인구성호반베르디움,127.155465,37.2724036,1,0
1091,구성 물푸레마을 휴먼시아 6단지,127.1574469,37.2767167,1,0
1092,구성 물푸레마을 휴먼시아 3단지,127.07877648618692,37.2778634,1,0
1093,청덕마을 광도와이드빌아파트,127.1515743,37.2766283,1,0
1094,자봉마을 써니밸리아파트,127.1560631,37.2746338,1,0
1095,성산마을 남광하우스토리,127.1586514,37.2642753,1,0
1096,참솔마을 월드메르디앙,127.0754885,37.2352614,1,0
1097,어은목마을 코아루아파트,127.0726132,37.2781445,1,0
1098,초당마을 코아루아파트,127.0741353,37.2781443,1,0
1099,초당마을 현진에버빌,127.0790011,37.277388,1,0
1100,서천마을 1단지,127.116244,37.2879802,1,0
1101,흥덕마을 자연앤스위첸,127.1131988,37.2892064,1,0
1102,흥덕마을 이던하우스,127.0996713,37.274531,1,0
1103,백현마을 동일하이빌,127.1080689,37.2796078,1,0
1104,흥덕마을동원로얄듀크,127.10608712519522,37.27605975,1,0
1105,녹원마을 새천년 그린빌 2단지아파트,127.1132466,37.2825862,1,0
1106,갈현마을 현대홈타운,127.12849493462818,37.2931772,1,0
1107,신미주아파트,127.0945468,37.2667361,1,0
1108,드림랜드아파트,127.077307,37.2676795,1,0
1109,녹원마을 새천년그린빌 4단지,127.09433043792652,37.268206000000006,1,0
1110,우남퍼스트빌 리젠트,127.0932083,37.2733608,1,0
1111,청현마을 기흥데시앙아파트,127.1284884466923,37.29656725,1,0
1112,영통빌리지,127.12648249949504,37.29344365,1,0
1113,흥덕마을 13단지 경남아너스빌,127.1311812,37.2914742,1,0
1114,하마비마을 동일하이빌2차아파트,127.1224789,37.3026184,1,0
1115,장미마을 삼성래미안 2차 아파트,127.1508955,37.2803333,1,0
1116,하마비마을 동부센트레빌,127.1490123,37.2797935,1,0
1117,하마비마을 동일하이빌1차,127.1591508,37.2807841,1,0
1118,어정마을 동백아이파크,127.1546864,37.2821455,1,0
1119,한보라마을 휴먼시아6단지,127.1548703,37.2790972,1,0
1120,교동마을 신창아파트,127.1547263,37.2842213,1,0
1121,해든마을 동백동문굿모닝힐,127.1605438,37.2832077,1,0
1122,백현마을 코아루아파트,127.1648491,37.2835542,1,0
1123,호수마을상록롯데캐슬,127.1237155,37.3035542,1,0
1124,호수마을 계룡리슈빌,127.1136988,37.2954089,1,0
1125,백현마을 한라비발디(1단지),127.3704275,37.1633072,1,0
1126,호수마을 휴먼시아 5단지,127.1983944,37.2331489,1,0
1127,교동마을 정광아파트,127.2147919,37.235672,1,0
1128,구성 우림아파트,127.1161576,37.2308737,1,0
1129,동성아파트,127.1531848,37.28657,1,0
1130,매화마을 우림홀인원아파트,127.1136877,37.2774626,1,0
1131,한보라마을 화성파크드림,127.1102318,37.2871034,1,0
1132,구갈 동부아파트,127.1148758,37.2401914,1,0
1133,구갈 한성1차아파트,127.0972059,37.2214538,1,0
1134,안골마을 롯데캐슬,127.1145331,37.2330903,1,0
1135,세종그랑시아 1차,127.1095378,37.2726513,1,0
1136,한보라마을 휴먼시아 9단지,127.12885402608929,37.2774388,1,0
1137,구갈 풍림아파트,127.1662199,37.2463817,1,0
1138,우림아파트,127.1962711,37.2343808,1,0
1139,신성아파트,127.1138742,37.3009376,1,0
1140,진우아파트,127.2058538,37.2759603,1,0
1141,금령마을 우남퍼스트빌,127.2379055,37.2954906,1,0
1142,용화마을 태영데시앙아파트 1단지(조합),127.2118611,37.2638753,1,0
1143,연원마을 현대아파트,127.221606,37.2665252,1,0
1144,"연원마을 삼호,벽산아파트",127.2196309,37.2765277,1,0
1145,인정멜로디아파트,127.1186591,37.2549292,1,0
1146,신원 2차아파트,127.1056681,37.2526147,1,0
1147,민속마을 현대모닝사이드 1차,127.1184396,37.3013016,1,0
1148,민속마을 쌍용아파트,127.10994880260417,37.29875845,1,0
1149,교동마을 마북2차 이편한세상,127.2005507,37.1455348,1,0
1150,교동마을 현대필그린아파트,127.1667614,37.2401458,1,0
1151,용인 동아아파트,127.2835649,37.2361373,1,0
1152,한천마을 금광베네스타,127.2849254,37.2360583,1,0
1153,용인행정타운 두산위브 2단지,127.1663381,37.2447914,1,0
1154,양지마을 신원아침도시,127.1890821,37.2376497,1,0
1155,샘골마을 풍성 신미주아파트 2단지,127.1881504,37.2309836,1,0
1156,성웅아파트,127.1914778,37.236735,1,0
1157,인정프린스 2차아파트,127.1089189,37.2319348,1,0
1158,인정프린스 1차아파트,127.2630991,37.2915271,1,0
1159,역북마을 신성아파트,127.2261933,37.2473331,1,0
1160,예원마을 코아루아파트,127.2256267,37.2532302,1,0
1161,김량장 현대아파트,127.3414987,37.1553673,1,0
1162,공신연립주택,127.2297456,37.3425006,1,0
1163,임원마을 영화1차 아파트,127.2165773,37.2345793,1,0
1164,예진마을 2차아파트,127.21124401920396,37.23593275,1,0
1165,청와아파트,127.2162434,37.2346745,1,0
1166,효천마을 신안인스빌 2단지,127.2144155,37.2298302,1,0
1167,푸른마을 용인자이,127.2299414,37.2461676,1,0
1168,두보아파트,127.2247608,37.2517182,1,0
1169,마평 우성아파트,127.2176504,37.2359753,1,0
1170,양지포레스토리,127.2798585,37.2354917,1,0
1171,용인웰메이드시티,127.2023827,37.2348923,1,0
1172,동천 더샵 파크사이드,127.0979986,37.3404884,1,0
1173,내대지마을 힐스테이트,127.1360707,37.3306479,1,0
1174,기흥역 롯데캐슬스카이,127.0728663,37.2676173,1,0
1175,지석마을 진흥더루벤스(2단지),127.1386988,37.2618865,1,0
1176,원대마을 신갈한신아파트,127.1058181,37.2789668,1,0
1177,마평 주공아파트,127.2136598,37.23604,1,0
1178,배머루마을 인정베네치아빌리지,127.2308608,37.2778094,1,0
1179,삼거마을 삼성래미안 1차아파트,127.108865,37.2994043,1,0
1180,기흥 호수청구아파트,127.10355,37.23862,1,0
1181,효천마을 신안인스빌 1단지,127.21703,37.3297,1,0
1182,수지스카이뷰푸르지오,127.0690252,37.3267136,1,0
1183,힐스테이트 구성,127.1196012,37.2968835,1,0
1184,한화 포레나 수지동천,127.09929754297052,37.341837,1,0
1185,행정타운 주변,127.1779683677,37.240867332,1,0
1186,국도 42호선 주변,127.1971687053,37.2339586516,1,0
1187,금호어울림 주변,127.1949761655,37.2359752562,1,0
1188,문예회관 주변,127.2043544881,37.2322958985,1,0
1189,양지천 노상주차장,127.2189631515,37.2351187384,1,0
1190,오성웨딩홀 주변,127.2023350043,37.2359510224,1,0
1191,용인고등학교 주변,127.1911339205,37.2386863711,1,0
1192,처인구청 주변,127.2022195535,37.2339028499,1,0
1193,외대 진입로,127.2517873261,37.3367438889,1,0
1194,처인성로 주변,127.1512434,37.11373368,1,0
1195,고당로 주변,127.3065957791,37.1645303802,1,0
1196,전대리,127.2154359579,37.2883661927,1,0
1197,용인시청 주변,127.1754684979,37.2410774339,1,0
1198,구갈1리 소공원 주변,127.1093394975,37.2757089331,1,0
1199,구갈공원 주변,127.1143158147,37.2814208772,1,0
1200,구갈119안전센터 주변,127.1101043722,37.2778471124,1,0
1201,기흥중학교 주변,127.106669629,37.2789736497,1,0
1202,신갈초등학교 주변,127.1072761672,37.2741569772,1,0
1203,한신아파트 주변,127.1067740581,37.2760520481,1,0
1204,유방공영,127.2166797263,37.2597745916,1,0
1205,탄천둔치,127.1120694439,37.2941009575,1,0
1206,용인종합운동장,127.2124829987,37.238546198,1,0
1207,수지체육공원,127.0971093546,37.3279001004,1,0
1208,포곡읍,127.2308230747,37.2778178062,1,0
1209,모현읍,127.2423619013,37.3295330155,1,0
1210,남사면,127.1505036114,37.1156815681,1,0
1211,이동읍,127.1961972836,37.1411203846,1,0
1212,원삼면,127.3132645655,37.1665894305,1,0
1213,역삼동,127.1881482007,37.2345597796,1,0
1214,동부동,127.2191740405,37.2327702908,1,0
1215,구갈동,127.1274238612,37.2728506853,1,0
1216,마북동,127.1174469653,37.3015796967,1,0
1217,동백동,127.1516872678,37.272532574,1,0
1218,죽전1동,127.1139969463,37.3310501161,1,0
1219,기흥노상,127.1069324,37.27216596,1,0
1220,누리에뜰 노상,127.1104986,37.32186049,1,0
1221,수지 노상,127.0992335526,37.3251759727,1,0
1222,풍덕천공영,127.0997293666,37.3270833246,1,0
1223,중앙노외,127.2072649301,37.2350685828,1,0
1224,금학공영,127.201254031,37.2361304697,1,0
1225,중앙공영,127.2084830422,37.234093316,1,0
1226,보정공영,127.1105838578,37.3234073773,1,0
1227,상갈공영,127.1067390203,37.2658493257,1,0
1228,신갈 제1공영,127.1068933454,37.2708642009,1,0
1229,신갈 제2공영,127.1043196162,37.2706622301,1,0
1230,전통시장 제1공영,127.205250623,37.2366327909,1,0
1231,전통시장 제2공영,127.2078584925,37.2367144723,1,0
1232,상현2동(상현공영),127.0871219177,37.3118620375,1,0
1233,처인구청,127.2013371645,37.2343799583,1,0
1234,기흥구청,127.1146890443,37.2804471236,1,0
1235,수지구청,127.0974474224,37.3222219027,1,0
1236,중앙동,127.2056660406,37.2342357411,1,0
1237,구성동,127.1189814686,37.2967640172,1,0
1238,수지아르피아(죽전2동),127.1059081,37.32613651,1,0
1239,여성회관,127.0954989716,37.3205247736,1,0
1240,신갈동(기흥구보건소),127.1067678384,37.2726060256,1,0
1241,보정동,127.1130927621,37.3201885889,1,0
1242,용인시청,127.1773752,37.2406659,1,0
1243,포곡읍사무소,127.2312587,37.2781004,1,0
1244,죽전휴게소(서울방향),127.1048475,37.3320728,1,0
1245,기흥휴게소(부산방향),127.105021,37.2356557,1,0
1246,용인휴게소(강릉방향),127.2429327,37.2458742,1,0
1247,용인휴게소(서창방향),127.2389965,37.2478126,1,0
1248,롯데마트 신갈점,127.1088814,37.2722536,1,0
1249,송전휴게소,127.204711,37.140527,1,0
1250,금학공영주차장,127.20125,37.23605,1,0
1251,한국소방산업기술원,127.14409263,37.233967785354,1,0
1252,용인시민체육센터 제2주차장,127.245822,37.276565,1,0
1253,구성동주민센터,127.118632,37.296872,1,0
1254,이마트 수지점,127.083188,37.319494,1,0
1255,이마트 보라점,127.104984,37.247346,1,0
1256,죽전휴게소 (서울방향),127.1045386,37.3316793,1,0
1257,용인서부경찰서,127.1056667,37.3094934,1,0
1258,운학동예비군훈련장,127.2382608,37.2146582,1,0
1259,에스지스크린골프,127.160884,37.257835,1,0
1260,용인스테이타워,127.109405,37.2716518,1,0
1261,죽전누리에뜰,127.111144,37.3200176,1,0
1262,동백중앙프라자상가,127.160365,37.2816769,1,0
1263,삼성래미안1차아파트,127.112783,37.2990401,1,0
1264,강남앤플러스,127.1260965,37.2710262,1,0
1265,광교산 한양수자인더킨포크,127.057609,37.334572,1,0
1266,에버랜드 셔틀버스 주차장,127.2179551,37.2872343,1,0
1267,에버랜드 홈브릿지 캐빈호스텔,127.1980408,37.28929,1,0
1268,한국국토정보공사 용인지사,127.201209,37.232296,1,0
1269,에버랜드 셔틀버스 승강장,127.2179780482,37.287300698802,1,0
1270,에버랜드 홈브리지 캐빈호스텔,127.19730648,37.289491809,1,0
1271,어반런드렛,127.10486299,37.310882,1,0
1272,유니버스트윈1차오피스텔,127.18674499,37.231614,1,0
1273,유니버스트윈2차오피스텔,127.187295,37.231546999,1,0
1274,신봉동부센트레빌6단지아파트,127.06579745,37.33231249,1,0
1275,서홍마을벽산블루밍아파트,127.0829807,37.3237116,1,0
1276,EV충전소 SK톨게이트주유소 (ev Most),127.213156,37.260759,1,0
1277,용인 호수청구아파트,127.1025615,37.2400301,1,0
1278,기흥 금화마을 주공3단지,127.1072185,37.262462,1,0
1279,기흥 광림남교회,127.1560157,37.2632871,1,0
1280,기흥 삼정아파트,127.1125646,37.2550937,1,0
1281,용인 신촌마을포스홈타운2단지,127.1087369,37.3086298,1,0
1282,한국 대중불교불이종 동도사,127.1983441,37.1077814,1,0
1283,보리원,127.2787427,37.1885057,1,0
1284,죽전효성해링턴플레이스,127.1094781,37.3312486,1,0
1285,대한불교조계종법륜사,127.2985036,37.16964,1,0
1286,용인 도담마을 한양수자인,127.1188774,37.3252293,1,0
1287,용인 광교2차푸르지오시티A동,127.0685348,37.2984987,1,0
1288,용인 광교2차푸르지오시티B동,127.0682402,37.2974413,1,0
1289,용인 광교2차푸르지오시티C동,127.0687894,37.2973371,1,0
1290,용인 광교2차푸르지오시티D동,127.0686138,37.2967199,1,0
1291,지산리조트(퍼블릭하우스),127.3287867,37.2131779,1,0
1292,지산리조트(클럽하우스),127.3358449,37.2098757,1,0
1293,용인 흥덕신동아파밀리에,127.0838351,37.2716435,1,0
1294,용인 흥덕마을5단지 호반베르디움,127.0705934,37.2779756,1,0
1295,용인 광교푸르지오시티2단지오피스텔,127.0703286,37.2976786,1,0
1296,용인 광교푸르지오시티3단지오피스텔,127.0701724,37.297136,1,0
1297,용인 엘리치안오피스텔,127.0692568,37.2960781,1,0
1298,용인 한성관광개발㈜,127.1231144,37.3070401,1,0
1299,교동마을신창아파트,127.126609,37.3054124,1,0
1300,쥬네브문월드,127.151277,37.2758569,1,0
1301,골든풍산리치안오피스텔,127.0696362,37.2960425,1,0
1302,광교어드밴스힐오피스텔,127.0699806,37.2959845,1,0
1303,수지풍덕천한샘더랜드마크,127.1018261,37.3240903,1,0
1304,광교푸르지오시티1단지,127.0683911,37.2980029,1,0
1305,동일하이빌4단지(409동),127.0661412,37.3274622,1,0
1306,동일하이빌4단지(413동),127.0642241,37.3286346,1,0
1307,동일하이빌4단지(401동),127.065252,37.3298955,1,0
1308,동일하이빌4단지(405동),127.0648622,37.33021992,1,0
1309,동일하이빌4단지(413동),127.0649128,37.329102793,1,0
1310,동일하이빌4단지6(410동),127.0656337,37.3276968,1,0
1311,동일하이빌4단지7(406동),127.0655103,37.3285258,1,0
1312,동일하이빌4단지(412동),127.06465258,37.328282996,1,0
1313,이스트팰리스 4단지1(A2주차장),127.08644772,37.336456032,1,0
1314,이스트팰리스 4단지2(B2F 41C1기둥),127.08509543,37.33628023,1,0
1315,이스트팰리스 4단지3(E1주차장),127.0844178,37.335776138,1,0
1316,이스트팰리스 4단지4(C3주차장),127.08565869,37.335441865,1,0
1317,수지벽산1단지아파트1(P1주차장),127.10589257,37.336317506,1,0
1318,수지벽산1단지아파트2(P2주차장),127.10539628,37.336480134,1,0
1319,수지벽산1단지아파트3(P3주차장),127.10465198,37.336814176,1,0
1320,효천마을 신안인스빌1(1주차장),127.24487246,37.336841321,1,0
1321,효천마을 신안인스빌2(2주차장),127.24592159,37.336740032,1,0
1322,효천마을 신안인스빌3(3주차장),127.24499387,37.336003113,1,0
1323,양우내안에 에듀퍼스트1(203동),127.21983745,37.249462971,1,0
1324,양우내안에 에듀퍼스트2(202동),127.21939644,37.248968215,1,0
1325,양우내안에 에듀퍼스트3(206동),127.21933786,37.248202438,1,0
1326,양우내안에 에듀퍼스트4(207동),127.22000165,37.247786726,1,0
1327,양우내안에 에듀퍼스트5(217동),127.22081435,37.248190683,1,0
1328,양우내안에 에듀퍼스트6(휘트니스),127.22019588,37.248687408,1,0
1329,동백동일하이빌아파트1(D주차장),127.15770246,37.278512481,1,0
1330,동백동일하이빌아파트2(E주차장),127.15687808,37.27790988,1,0
1331,동백동일하이빌아파트3(F주차장 B1F),127.15610088,37.278307365,1,0
1332,동백동일하이빌아파트4(F주차장 B2F ),127.15630463,37.278685533,1,0
1333,LIG넥스원 용인하우스 충전소,127.1277414,37.308117217,1,0
1334,동백 동원로얄듀크(P2주차장),127.1486961133,37.28001535692,1,0
1335,동백 동원로얄듀크(P1주차장),127.1489649864,37.27912749548,1,0
1336,용인 성원상떼빌(1-2주차장),127.0927388044,37.31416990587,1,0
1337,용인 성원상떼빌(1-3주차장),127.0922731445,37.31391122254,1,0
1338,용인 성원상떼빌(1-6주차장),127.0926279878,37.31349646956,1,0
1339,용인 행림마을진로아파트,127.0999923309,37.3425451551,1,0
1340,용인 성현마을광명샤인빌,127.1318592304,37.3280361689,1,0
1341,용인 신봉동부센트레빌1단지,127.0696492394,37.3287847388,1,0
1342,용인 벽산블루밍(1-2주차장),127.0772870452,37.30912394909,1,0
1343,용인 성원상떼빌(1-1주차장),127.0919634874,37.31438000137,1,0
1344,용인 성원상떼빌(1-4주차장),127.0931133242,37.31370332656,1,0
1345,용인 성원상떼빌(1-5주차장),127.0926110719,37.31350098797,1,0
1346,용인 보라마을현대모닝사이드2차아파트,127.1067680837,37.25321407158,1,0
1347,용인 만현마을2단지아이파크아파트,127.088078012,37.31028325006,1,0
1348,용인 서홍마을한화꿈에그린아파트,127.0809627652,37.32335332289,1,0
1349,경기용인 상현마을성원상떼빌3차아파트,127.0783891,37.3004868,1,0
1350,용인 보뜨랑마을벽산블루밍아파트,127.0987238924,37.3425678451,1,0
1351,용인 동천역루체스타,127.1017680889,37.34046586581,1,0
1352,용인 신봉마을엘지빌리지5차아파트1,127.0730946,37.325921,1,0
1353,용인 벽산블루밍(1-1주차장),127.0777160444,37.30946155628,1,0
1354,구갈동주민센터,127.1275633,37.2723965,1,0
1355,구성동주민센터,127.1187801,37.2966832,1,0
1356,상갈동주민센터,127.107779,37.2665486,1,0
1357,유림동주민센터,127.2115549,37.2525794,1,0
1358,죽전1동주민센터,127.1138649,37.3310967,1,0
1359,용인 중앙동주민센터,127.2053325,37.2341911,1,0
1360,풍덕천1동주민센터,127.0951075,37.3278516,1,0
1361,역삼동행정복지센터,127.1881229,37.2344215,1,0
1362,상현2동행정복지센터,127.0871096,37.3117977,1,0
1363,상현1동행정복지센터,127.0813488,37.3047197,1,0
1364,상하동행정복지센터,127.1383476,37.2704886,1,0
1365,기흥동행정복지센터,127.1155316,37.2315267,1,0
1366,동백동주민센터,127.1516872,37.2725338,1,0
1367,용인 삼가풍림아파트,127.1671246031,37.24592240246,1,0
1368,래미안이스트팰리스1단지1,127.0873591054,37.3363056114,1,0
1369,영덕동주민센터,127.0744982,37.2778913,1,0
1370,수진마을2단지아파트_1,127.0970651293,37.3374441577,1,0
1371,용인김량장동현대아파트,127.2117513117,37.2292997224,1,0
1372,지석마을진흥더루벤스1단지_1,127.1367829284,37.2606186061,1,0
1373,지석마을진흥더루벤스1단지_2,127.1375434244,37.26099886582,1,0
1374,휴먼시아 흥덕마을(A-1),127.0704520572,37.2749924019,1,0
1375,광교 휴먼시아 41단지,127.075591219,37.2952049371,1,0
1376,용인 성복자이2차1,127.0605830298,37.31879727319,1,0
1377,벽산첼시빌2차아파트1,127.0677105331,37.31593713214,1,0
1378,용인 만현마을 롯데캐슬1,127.0893041226,37.31212494707,1,0
1379,용인 수지삼성1차1,127.0884353,37.3264205,1,0
1380,동천동주민센터,127.0991969,37.3418466,1,0
1381,성복동주민센터,127.068997,37.316477,1,0
1382,풍덕천2동주민센터,127.0886301,37.3193833,1,0
1383,수지자이2차아파트 1,127.0673659086,37.3191197803,1,0
1384,수지자이2차아파트 2,127.0669243915,37.31994267448,1,0
1385,수지자이2차아파트 3,127.0669587808,37.32055535775,1,0
1386,수지자이2차아파트 4,127.0674734535,37.32205528578,1,0
1387,용인상현마을현대2차아이파크,127.0741157927,37.30186363041,1,0
1388,광교산자이아파트102동,127.0711910293,37.32811705739,1,0
1389,광교산자이아파트101동,127.0715469096,37.3286034001,1,0
1390,스파팰리스리가아파트1,127.1252516262,37.29255339986,1,0
1391,스파팰리스리가아파트2,127.1244681598,37.2927614649,1,0
1392,스파팰리스리가아파트3,127.125714736,37.29298540675,1,0
1393,백현마을모아미래도아파트A,127.160120998,37.28378256357,1,0
1394,백현마을모아미래도아파트B,127.1609358534,37.2838422786,1,0
1395,백현마을모아미래도아파트C,127.1601021411,37.28286578263,1,0
1396,기흥파크뷰 1,127.1177214,37.2874973,1,0
1397,기흥파크뷰 2,127.1177338,37.2882001,1,0
1398,기흥파크뷰 3,127.1199215,37.2881619,1,0
1399,성동마을수지자이1차아파트 1,127.068265689,37.31855882176,1,0
1400,성동마을수지자이1차아파트 2,127.0678034787,37.31893752163,1,0
1401,성동마을수지자이1차아파트 3,127.0687524441,37.32036060702,1,0
1402,성동마을수지자이1차아파트 4,127.0689561125,37.32100923252,1,0
1403,청덕마을광도와이드빌아파트,127.1456773205,37.2875067393,1,0
1404,민속마을쌍용아파트1,127.1185150055,37.25419404419,1,0
1405,민속마을쌍용아파트2,127.1178944156,37.25379369951,1,0
1406,민속마을쌍용아파트3,127.1172681405,37.25335731545,1,0
1407,민속마을쌍용아파트4,127.117892808,37.25276200654,1,0
1408,민속마을쌍용아파트5,127.1174128793,37.25219933128,1,0
1409,민속마을쌍용아파트6,127.1165400854,37.25270027262,1,0
1410,민속마을쌍용아파트7,127.1157855595,37.25315153452,1,0
1411,민속마을쌍용아파트8,127.1164289473,37.25372757133,1,0
1412,민속마을쌍용아파트9,127.1173034267,37.25430562848,1,0
1413,진산마을삼성래미안7차아파트2,127.0983269322,37.31507769167,1,0
1414,진산마을삼성래미안7차아파트3,127.0982039175,37.31590674506,1,0
1415,진산마을삼성래미안7차아파트4,127.0953606408,37.31560271892,1,0
1416,진산마을삼성래미안7차아파트5,127.0958677827,37.31519684386,1,0
1417,진산마을삼성래미안7차아파트1,127.0985282295,37.31372597305,1,0
1418,용인 신봉마을동일하이빌3단지아파트2,127.0656271825,37.32667411726,1,0
1419,용인 신봉마을동일하이빌3단지아파트1,127.0669299569,37.32621836612,1,0
1420,용인 신봉마을동일하이빌3단지아파트4,127.0663543647,37.32602947347,1,0
1421,용인 신봉마을동일하이빌3단지아파트3,127.066405193,37.32609251723,1,0
1422,만현마을8단지두산위브아파트802동,127.086211395,37.305608251944,1,0
1423,만현마을8단지두산위브아파트804동,127.0866448289,37.304878096575,1,0
1424,만현마을8단지두산위브아파트807동,127.0879308784,37.305021313755,1,0
1425,금화마을주공4단지1,127.1094705643,37.26296989559,1,0
1426,금화마을주공4단지2,127.1102536257,37.26266731994,1,0
1427,금화마을주공4단지3,127.1100217683,37.26214943649,1,0
1428,자봉마을써니밸리아파트1,127.136776755,37.25159286867,1,0
1429,자봉마을써니밸리아파트2,127.1350575558,37.25144616991,1,0
1430,자봉마을써니밸리아파트3,127.1350790777,37.25087398277,1,0
1431,자봉마을써니밸리아파트4,127.1359019442,37.25089556729,1,0
1432,자봉마을써니밸리아파트5,127.1357375202,37.25034611933,1,0
1433,LG빌리지6차아파트601동,127.0697537011,37.31728749637,1,0
1434,LG빌리지6차아파트603동,127.070013736,37.31789103546,1,0
1435,LG빌리지6차아파트605동,127.0690719275,37.31811684738,1,0
1436,LG빌리지6차아파트606동,127.0692135388,37.31876100373,1,0
1437,LG빌리지6차아파트607동,127.0706968475,37.31850333225,1,0
1438,LG빌리지6차아파트608동,127.0708407154,37.3191321677,1,0
1439,LG빌리지6차아파트610동,127.0693889856,37.31939162449,1,0
1440,LG빌리지6차아파트611동,127.0695644479,37.32003576042,1,0
1441,LG빌리지6차아파트612동,127.0702920151,37.31990918578,1,0
1442,LG빌리지6차아파트614동,127.0697116706,37.32063936615,1,0
1443,금호베스트빌4단지1,127.0810841475,37.30506224412,1,0
1444,금호베스트빌4단지2,127.0805545306,37.30555817539,1,0
1445,연원마을삼성쉐르빌,127.114831682,37.3019635815,1,0
1446,신정마을현대프라임1,127.0901918423,37.32339169987,1,0
1447,신정마을현대프라임2,127.0901355808,37.32351788733,1,0
1448,신정마을현대프라임3,127.0901692128,37.32333765515,1,0
1449,성산마을신영지웰아파트1,127.155606678,37.27650143255,1,0
1450,성산마을신영지웰아파트2,127.1565126407,37.27567578716,1,0
1451,성산마을신영지웰아파트3,127.1543415613,37.27539030499,1,0
1452,성산마을신영지웰아파트4,127.1533671948,37.27585560668,1,0
1453,꽃메마을극동스타클래스,127.1218495702,37.3229002041,1,0
1454,연원마을벽산아파트1,127.1104394207,37.30110547021,1,0
1455,연원마을벽산아파트2,127.1086282775,37.30051696773,1,0
1456,광교SB타운,127.0705097,37.2982031,1,0
1457,수지현대성우3차아파트,127.0834057342,37.30322251775,1,0
1458,버들치마을경남아너스빌1차1,127.0627801008,37.31534516801,1,0
1459,버들치마을경남아너스빌1차2,127.0627277481,37.31343500298,1,0
1460,버들치마을경남아너스빌1차3,127.0626764751,37.31282232667,1,0
1461,버들치마을경남아너스빌1차4,127.0627422359,37.3159362665,1,0
1462,기흥동부아파트,127.1147356559,37.27735453106,1,0
1463,벽산첼시빌2차아파트2,127.0680019157,37.31379250356,1,0
1464,벽산첼시빌2차아파트3,127.068109573,37.31433306226,1,0
1465,벽산첼시빌2차아파트4,127.0679792482,37.31367538211,1,0
1466,벽산첼시빌2차아파트5,127.0665199766,37.31550981616,1,0
1467,벽산첼시빌2차아파트6,127.0664004336,37.31427096121,1,0
1468,벽산첼시빌2차아파트7,127.0657018462,37.3152354578,1,0
1469,벽산첼시빌2차아파트8,127.0652612166,37.31446982251,1,0
1470,벽산첼시빌2차아파트9,127.063946037,37.31337127852,1,0
1471,꽃메마을현대홈타운4차4단지552동,127.1160258974,37.32161667985,1,0
1472,꽃메마을현대홈타운4차4단지553동,127.1160053504,37.3210941009,1,0
1473,한숲스퀘어옐로우,127.17021221,37.152843946,1,0
1474,용인 만현마을 롯데캐슬2,127.0894332428,37.31161125985,1,0
1475,용인 만현마을 롯데캐슬3,127.0900735171,37.31121882418,1,0
1476,용인 성복자이2차2,127.0595111995,37.31871672405,1,0
1477,용인 성복자이2차3,127.0580218161,37.31846517426,1,0
1478,용인 성복자이2차4,127.0588450361,37.31802326121,1,0
1479,용인 성복자이2차5,127.0577674848,37.31782105954,1,0
1480,용인 성복자이2차6,127.0584269216,37.31712693969,1,0
1481,용인 성복자이2차7,127.0576598346,37.31719939866,1,0
1482,용인 성복자이2차8,127.0575127356,37.3166228085,1,0
1483,용인 수지삼성1차2,127.0884006643,37.325722220972,1,0
1484,용인 수지삼성1차3,127.0892819177,37.326732968158,1,0
1485,동백 동원로얄듀크(P3주차장),127.1491702357,37.28028507208,1,0
1486,신봉동일하이빌2단지204동,127.06884449,37.325417,1,0
1487,신봉동일하이빌2단지208동,127.0681035,37.326361,1,0
1488,용인 죽전일성트루엘,127.10605524,37.307543,1,0
1489,경기용인 광교상록자이4207동앞,127.0724352641,37.296061994891,1,0
1490,경기용인 광교상록자이4207동뒤,127.0722320083,37.295805323533,1,0
1491,경기용인 광교상록자이4205동,127.0706872335,37.29618469178,1,0
1492,경기용인 광교상록자이4204동,127.0706145558,37.296860512932,1,0
1493,용인두보아파트,127.2159561181,37.235426446086,1,0
1494,용인한숲시티4단지404동,127.1759307272,37.157674275742,1,0
1495,용인한숲시티4단지405동,127.1758789821,37.157205802768,1,0
1496,경기용인푸른마을용인자이,127.2185032942,37.234363947171,1,0
1497,경기용인 엘지빌리지5차1,127.0751766,37.3250871,1,0
1498,경기용인 엘지빌리지5차2,127.0745234,37.326376,1,0
1499,경기용인 엘지빌리지5차3,127.074275,37.326205,1,0
1500,경기용인 기흥동성아파트,127.112186522,37.231165896103,1,0
1501,경기용인 꽃메마을현대홈타운,127.1160126868,37.324765801902,1,0
1502,죽현마을아이파크1차2주차장,127.1132983698,37.317441231768,1,0
1503,죽현마을아이파크1차4주차장1,127.1132983,37.3174412,1,0
1504,경기용인 상록데시앙101동,127.110652627,37.31344314494,1,0
1505,경기용인 상록데시앙103동,127.1102702416,37.312697445524,1,0
1506,용인 서원마을3단지아이파크301동,127.0814543433,37.308404831275,1,0
1507,용인 서원마을3단지아이파크303동,127.0805058465,37.307504445079,1,0
1508,용인 서원마을3단지아이파크305동,127.0803377384,37.308531739465,1,0
1509,경기용인 수지보원아파트105동,127.0911925037,37.326117457556,1,0
1510,경기용인 수지보원아파트104동,127.0908387042,37.326517788065,1,0
1511,경기용인_초당마을현진에버빌5204동,127.1589756426,37.261958668735,1,0
1512,경기용인_초당마을현진에버빌5201동,127.1603626891,37.262164037725,1,0
1513,경기용인 수지풍산아파트,127.0791689511,37.309996168418,1,0
1514,용인 신봉마을엘지빌리지5차아파트2,127.07309236,37.325921163,1,0
1515,강남마을계룡리슈빌아파트1,127.13347635,37.269008552,1,0
1516,경기용인 엘지빌리지5차4,127.0741122,37.3272833,1,0
1517,경기용인 상록데시앙,127.11065138,37.313442965,1,0
1518,경기용인 메종블루아 102동,127.09827092,37.227855198,1,0
1519,경기용인 메종블루아 103동,127.09839194,37.228633783,1,0
1520,경기용인 메종블루아 104동,127.09750749,37.228726241,1,0
1521,경기용인 메종블루아 105동,127.09750463,37.228253554,1,0
1522,경기용인_신흥덕롯데캐슬레이시티1,127.1012804,37.2731067,1,0
1523,경기용인_신흥덕롯데캐슬레이시티2,127.10128036,37.273106689,1,0
1524,경기용인_금전마을리슈빌아파트,127.21548037,37.266791157,1,0
1525,경기용인_수지2차삼성1,127.09184438,37.326731637,1,0
1526,경기용인 한보라마을휴먼시아5단지 1주차장,127.11072251,37.249129342,1,0
1527,경기용인 꽃메마을극동스타클래스아파트,127.12184776,37.3229002,1,0
1528,경기용인 물푸레마을경남아너스빌아파트1,127.15360146,37.297087089,1,0
1529,경기용인 수지센트럴아이파크1주차장,127.08331606,37.307620805,1,0
1530,경기용인 수지센트럴아이파크6주차장,127.083316,37.307620805,1,0
1531,경기용인 신봉동부센트레빌6단지 606동,127.06492173,37.333182029,1,0
1532,경기용인 신봉동부센트레빌6단지 208동,127.06492173,37.333182,1,0
1533,경기용인 신봉자이2차1(B1),127.0730062,37.328520604,1,0
1534,경기용인 동도센트리움(B1),127.06726127,37.328303617,1,0
1535,경기용인 민속마을쌍용아파트1(B2),127.1175604,37.25168658,1,0
1536,경기용인 신봉자이1차1(B1),127.07769944,37.325445546,1,0
1537,경기용인 신봉자이1차4(B1),127.077699,37.325445546,1,0
1538,경기용인 성산마을신영지웰1(B1),127.15489051,37.275919399,1,0
1539,경기용인 웰메이드시티337,127.20724331,37.234583768,1,0
1540,경기용인 교동동양파라곤,127.12274438,37.301602343,1,0
1541,경기용인 신봉동일하이빌 2단지1(B1),127.06759463,37.3260921,1,0
1542,경기용인 신봉동일하이빌 2단지2(B2),127.06759463,37.326092114,1,0
1543,경기용인 용인한숲시티4단지,127.17565952,37.159085823,1,0
1544,경기용인 광교마을45단지1,127.06348983,37.298078336,1,0
1545,경기용인 효성해링턴플레이스1(B3),127.09569866,37.266482105,1,0
1546,경기용인 효성해링턴플레이스4(B3),127.09569866,37.2664821,1,0
1547,경기용인 광교산자이아파트1(B1),127.07158002,37.328543911,1,0
1548,경기용인 광교상록자이1(B1),127.0711361,37.298095161,1,0
1549,경기용인 동천파크자이 10kw_(B2),127.09006093,37.332160283,1,0
1550,경기용인 대명레이크빌아파트 1,127.09221272,37.265339016,1,0
1551,경기용인 임원마을영화1차 1,127.22682749,37.253478166,1,0
1552,경기용인 센트럴파크원,127.07131448,37.240064306,1,0
1553,경기용인 양우내안애 에듀파크1,127.21485756,37.241851358,1,0
1554,경기용인 신동백롯데캐슬에코2단지 1,127.1475174,37.284504364,1,0
1555,경기용인 기흥동부아파트,127.11473723,37.277354169,1,0
1556,경기용인 삼가풍림아파트1,127.16689054,37.245632686,1,0
1557,경기용인 광교상떼빌파크뷰1(B2),127.077,37.300538166,1,0
1558,경기용인 스파팰리스리가1(B2),127.12397927,37.29297228,1,0
1559,경기용인 창죽마을벽산첼시빌 1,127.10533168,37.337492049,1,0
1560,경기용인 극동스타클래스아파트(B1),127.12184776,37.322900205,1,0
1561,경기용인 수지샤르망오피스텔,127.09626169,37.319778911,1,0
1562,경기용인 꽃메마을현대홈타운2,127.11601313,37.324764449,1,0
1563,기흥힐스테이트 입주자대표,127.1179654,37.2747434,1,0
1564,푸른마을 푸르지오아파트,127.0795296,37.3164897,1,0
1565,주식회사 이브이세상,127.255570903,37.3480329778,1,0
1566,용인흥덕34단지아파트관리사무소,127.0748991,37.2746556,1,0
1567,용인행정타운 두산위브2단지 입주자대표회의,127.167624,37.2396709,1,0
1568,서원마을금호베스트빌5단지 입주자대표회의,127.1045376,37.4497175,1,0
1569,용인흥덕4단지 임차인대표회의,127.0736328,37.2714848,1,0
1570,㈜한화시스템,127.177478,37.141394,1,0
1571,동부센트러빌아파트,127.121665,37.294946,1,0
1572,용인시청,127.177922,37.241291,1,0
1573,한라프로방스아파트,127.11964,37.323242,1,0
1574,용인시청 기흥도서관,127.113554,37.286087,1,0
1575,용인시청 동백동주민센터,127.151554,37.272438,1,0
1576,용인시청 신봉동주민센터,127.0835545,37.3206662,1,0
1577,용인시청 포곡읍사무소,127.230936,37.277972,1,0
1578,현대필그린아파트,127.1209641,37.3028139,1,0
1579,청명호수마을신안인스빌,127.0888111,37.2550527,1,0
1580,죽전아이뷰아파트,127.1101478,37.3322771,1,0
1581,삼성쉐르빌아파트,127.2211018,37.273678,1,0
1582,공세대주피오레2단지,127.12195,37.24316,1,0
1583,용인시 용인시청주차장,127.177208,37.241676,1,0
1584,용인시 남사면사무소,127.150323,37.115997,1,0
1585,용인시 백암면사무소,127.375425,37.163551,1,0
1586,용인시 농촌테마파크,127.299313,37.172862,1,0
1587,용인시 용인자연휴양림,127.267918,37.315379,1,0
1588,용인시 용인시기후변화체험교육센터,127.222625,37.223251,1,0
1589,죽전건영캐스빌아파트,127.1256833,37.3327255,1,0
1590,용인시 처인구청부설주차장,127.201343,37.234422,1,0
1591,용인휴먼시아8단지,127.1647502,37.2836317,1,0
1592,흥덕동원로얄듀크아파트,127.0811144,37.2769224,1,0
1593,수지태영데시앙아파트,127.082739,37.3154528,1,0
1594,새터마을죽전힐스테이트,127.12608,37.3323,1,0
1595,만현마을쌍용1차아파트,129.22612,35.88499,1,0
1596,죽전아이뷰아파트,127.1102006,37.332533927,1,0
1597,용인성복아이파크아파트,127.06164816,37.322148026,1,0
1598,죽전일성트루엘,127.10605288,37.307544678,1,0
1599,용인백현마을 경남아너스빌,127.16494928,37.282808849,1,0
1600,이너매스자신관리,127.0726577,37.2295187,1,0
1601,한성개발주식회사,127.1231144,37.307040068,1,0
1602,신갈푸르지오아파트,127.11808557,37.289521386,1,0
1603,내대지마을힐스테이트,127.12849635,37.331185369,1,0
1604,용인신봉현대그린빌라트,127.07229928,37.325196499,1,0
1605,벨라팰리스,127.12061219,37.319273823,1,0
1606,이편한세상용인한숲시티3단지,127.17205713,37.160146336,1,0
1607,이스트팰리스2단지,127.09067319,37.337138824,1,0
1608,진산마을삼성6차아파트,127.09970566,37.318792761,1,0
1609,원대마을한신아파트,127.106471,37.2760359,1,0
1610,수지풍림2차아파트,127.100253,37.3416475,1,0
1611,만현마을10단지아파트,127.0855251,37.3111934,1,0
1612,다우기술,127.1372666,37.3332993,1,0
1613,녹십자홀딩스,127.1006852,37.3171643,1,0
1614,송전마을세광엔리치타워,127.2012865,37.1381386,1,0
1615,수지 서홍마을벽산블루밍,127.0829177,37.3241124,1,0
1616,수지파크푸르지오아파트,127.0983607,37.3271461,1,0
1617,죽전벨라팰리스아파트,127.1203316,37.3190706,1,0
1618,꽃메마을한라프로방스,127.1194901,37.3232078,1,0
1619,성복자이1차아파트,127.06486805,37.317603474,1,0
1620,삼성래미안아파트,127.10680638,37.25231939,1,0
1621,용인처인성역사교육관,127.17004538,37.14842098,1,0
1622,서농도서관,127.0690063,37.2373581,1,0
1623,분당수지U-TOWER,127.10136156,37.338254635,1,0
1624,꽃메마을한라프로방스,127.11923265,37.323778313,1,0
1625,용인시 용인중앙시장제1공영주차장,127.205298,37.236653,1,0
1626,마북이편한세상1차아파트,127.1286712,37.3068933,1,0
1627,분당수지유타워,127.1017031,37.3377808,1,0
1628,진산마을삼성6차아파트,127.1003899,37.3196173,1,0
1629,미성주유소,127.213203,37.261395,1,0
1630,롯데슈퍼 용인점,127.210347,37.23061,1,0
1631,현대자동차 마북캠퍼스,127.138972,37.310665,1,0
1632,수지구청,127.097027,37.322395,1,0
1633,아르피아스포츠센터,127.104741,37.325323,1,0
1634,중앙공영주차장,127.208714,37.23425,1,0
1635,모현면사무소,127.243101,37.32902,1,0
1636,현대자동차 마북캠퍼스,127.1387,37.3108,1,0
1637,단국대학교 죽전캠퍼스,127.124405,37.321389,1,0
1638,용인대학교,127.1667,37.226692,1,0
1639,총신대학교 신학대학원,127.300531,37.248083,1,0
1640,용인시청소년수련원,127.313,37.2147,1,0
1641,용인시 디지털산업진흥원,127.191298,37.234,1,0
1642,용인시 축구센터,127.318,37.1516,1,0
1643,보정동주민센터,127.113152,37.319843,1,0
1644,용인시 농업기술센터,127.299017,37.172769,1,0
1645,오토허브,127.092861,37.267974,1,0
1646,한국민속촌 주차장,127.115071,37.257139,1,0
1647,마북동주민센터,127.118119,37.301544,1,0
1648,동백동주민센터,127.151747,37.272717,1,0
1649,상갈공영주차장,127.106496,37.265758,1,0
1650,세븐일레븐 용인명지대점,127.186961,37.225017,1,0
1651,롯데몰 수지점,127.081264,37.313009,1,0
1652,기아자동차 수원서비스센터,127.072587,37.268447,1,0
1653,기아차 오산교육센터,127.137988,37.110733,1,0
1654,기아비전스퀘어,127.310582,37.221096,1,0
1655,포곡읍행정복지센터,127.230378,37.278037,1,0
1656,코스트코 공세점,127.1089,37.2381,1,0
1657,한국델파이,127.111462,37.29191,1,0
1658,영통빌리지,127.077041,37.268075,1,0
1659,금화마을주공5단지아파트,127.112093,37.266343,1,0
1660,물푸레마을4단지 경남아너스빌,127.153193,37.29751,1,0
1661,신촌마을포스홈타운1단지아파트,127.11024,37.311216,1,0
1662,수진마을4단지신명스카이뷰아파트,127.096689,37.335662,1,0
1663,삼성래미안이스트팰리스4차아파트,127.085039,37.335844,1,0
1664,어은목마을한라비발디아파트,127.158021,37.271008,1,0
1665,죽전e편한세상,127.125924,37.328818,1,0
1666,이편한세상용인한숲시티6단지,127.173773,37.154633,1,0
1667,예원마을코아루아파트,127.23681,37.258566,1,0
1668,지오렌터카 신갈점,127.097148,37.290501,1,0
1669,죽전역월드메르디앙,127.11269684,37.326496215,1,0
1670,KB증권연수원_용인,127.1340632,37.309819437,1,0
1671,기흥벽산블루밍아파트,127.11642334,37.232820325,1,0
1672,해든마을동문굿모닝힐,127.1509501,37.279627737,1,0
1673,어정마을 서희삼정 아파트,127.14421449,37.279413601,1,0
1674,금강아파트,127.1916698,37.234770956,1,0
1675,양우내안애에듀퍼스트,127.2191621,37.24884295,1,0
1676,기흥힉스유타워,127.08955498,37.269171899,1,0
1677,동원로얄듀크,127.11122547,37.319308634,1,0
1678,기흥 롯데캐슬스카이,127.10785936,37.27199089,1,0
1679,도담마을한양수자인아파트,127.11842531,37.325301206,1,0
1680,꽃메마을금강아파트,127.11456559,37.32252741,1,0
1681,용인한숲시티4단지,127.17470292,37.15856891,1,0
1682,동일하이빌1차,127.12222396,37.294482725,1,0
1683,성복힐스테이트1차,127.06962459,37.315660558,1,0
1684,휴맥스이브이 영문공장,127.21156167,37.2669138,1,0
1685,민속마을신창미션힐,127.12084081,37.253469119,1,0
1686,용인 더숨포레스트,127.2091297,37.2864135,1,0
1687,원대마을한신,127.10584598,37.275737433,1,0
1688,용인신갈푸르지오,127.11875285,37.28947736,1,0
1689,기흥역지웰푸르지오,127.11492355,37.273801373,1,0
1690,탑실마을대주피오레1,127.12151533,37.244658628,1,0
1691,성복역롯데캐슬골드타운,127.08277597,37.31128541,1,0
1692,양현마을신안풍림아파트,127.10778217,37.284581297,1,0
1693,대우그린카운티,127.13379701,37.218720841,1,0
1694,에스테크 조명연구소,127.36930624,37.140811144,1,0
1695,기흥SK아펠바움콘도미니엄,127.13580039,37.217048083,1,0
1696,육군용인관사하누리아파트,127.19335284,37.234959952,1,0
1697,DTC 기간산업인증센터,127.19642722,37.264626863,1,0
1698,DTC 효능평가센터,127.19795813,37.263955557,1,0
1699,유로핀즈 용인,127.1006002,37.279911872,1,0
1700,더샵동천이스트포레,127.09315581,37.331829538,1,0
1701,수지에듀파크아파트,127.086761,37.3171814,1,0
1702,골드리치안오피스텔,127.06963618,37.2960425,1,0
1703,광교2차푸르지오시티A동오피스텔,127.06853482,37.298498739,1,0
1704,광교2차푸르지오시티B동오피스텔,127.06824028,37.297441272,1,0
1705,광교2차푸르지오시티C동오피스텔,127.06878945,37.297337064,1,0
1706,광교2차푸르지오시티D동오피스텔,127.06861385,37.296719866,1,0
1707,수지마을동보아파트,127.098087,37.32577766,1,0
1708,희망의도시오피스텔,127.07321179,37.242981454,1,0
1709,광교지웰홈스오피스텔,127.07858087,37.295013952,1,0
1710,블루씨티오피스빌딩,127.12739015,37.332550817,1,0
1711,흥덕힐스테이트7단지아파트,127.07446549,37.279021558,1,0
1712,삼성 인력개발원 창조관(출입제한),127.1971848,37.2981184,1,0
1713,오토허브서비스,127.093768,37.2693086,1,0
1714,예아리박물관,127.364246,37.141322,1,0
1715,명지대학교 자연캠퍼스,127.186017,37.221417,1,0
1716,경희마크329,127.07335752,37.23688264,1,0
1717,신동백두산위브더제니스상가,127.15006505,37.283898907,1,0
1718,용인갈현현대홈타운505동,127.1069854,37.2820704,1,0
1719,용인교동마을현대홈타운109동,127.1250487,37.3003995,1,0
1720,용인서천2차아이파크605동,127.076313,37.2412018,1,0
1721,용인광교경남아너스빌4304동,127.0676787,37.2980657,1,0
1722,용인수지금호베스트빌디에듀2주차장,127.0794111,37.3047341,1,0
1723,용인수지금호베스트빌디에듀1주차장,127.0799257,37.3039843,1,0
1724,용인기흥두진,127.096031,37.268878,1,0
1725,용인서홍마을한일102동,127.0810869,37.324543,1,0
1726,용인레이크포레,127.0843442,37.3029229,1,0
1727,용인구성휴먼시아물푸레마을325동,127.1510402,37.2996786,1,0
1728,용인샘골마을풍성신미주203동,127.2048322,37.1891915,1,0
1729,용인LG자이1단지,127.1165005,37.3169568,1,0
1730,용인광교산한양수자인302동,127.0558268,37.3351663,1,0
1731,용인심곡마을광교힐스테이트,127.0743003,37.3082513,1,0
1732,한보라9단지,127.107885,37.243582,1,0
1733,벽산4단지아파트,127.104934,37.33454,1,0
1734,새릉골품림아파트,127.112269,37.286848,1,0
1735,효심의료재단용인서울병원,127.2145364,37.2403912,1,0
1736,보성아파트,127.1908773,37.2351717,1,0
1737,녹원마을새천년그린빌4단지-1,127.113505,37.2890994,1,0
1738,주식회사태화정보통신,127.1153743,37.1106667,1,0
1739,파크존 스크린골프장,127.0548681,37.332001,1,0
1740,용인기흥해링턴플레이스,127.0971072,37.2653859,1,0
1741,용인신갈푸르지오아파트,127.1176337,37.2901247,1,0
1742,효성빌라,127.1303428,37.2966723,1,0
1743,신동백서해그랑블2차아파트,127.1477726,37.2779795,1,0
1744,연원마을LG아파트,127.1073661,37.3015236,1,0
1745,동문그린아파트,127.0930616,37.3394518,1,0
1746,용인한보라4단지아파트,127.1114172,37.250229,1,0
1747,수지센트럴아이파크아파크,127.082685,37.3068832,1,0
1748,용화마을태영데시앙2단지아파트,127.1151358,37.2944234,1,0
1749,교동마을마북2차대림e편한세상아파트,127.1289,37.30735,1,0
1750,용인지사,127.2054556149,37.2346810425,1,0
1751,삼라마이다스빌,127.2096927341,37.2281356296,1,0
1752,용인행정타운 두산위브2단지,127.1664228036,37.2404549529,1,0
1753,교동마을 동양파라곤,127.1227446064,37.3016024334,1,0
1754,서천마을 1단지,127.0713166283,37.2400638545,1,0
1755,성복힐스테이트1차,127.0697084749,37.3147357946,1,0
1756,수원동마을 쌍용스윗닷홈 2단지,127.1412522344,37.2561441887,1,0
1757,신동백서해그랑블 1차,127.1465297969,37.2804911037,1,0
1758,양현마을풍림 아파트,127.106447425,37.2848697321,1,0
1759,대주피오레1단지,127.1078029804,37.2390631316,1,0
1760,동백금호어울림타운하우스A,127.1563776876,37.2725745868,1,0
1761,동백금호어울림타운하우스B,127.1539606609,37.2727219212,1,0
1762,동백하우스토리,127.1558804446,37.2742043226,1,0
1763,동아솔레시티 아파트,127.112268003,37.3103708982,1,0
1764,래미안 수지 이스트파크,127.0993303567,37.3300502179,1,0
1765,래미안이스트팰리스3단지 아파트,127.0874241718,37.3340277569,1,0
1766,신동아파밀리에,127.0838342763,37.2716426233,1,0
1767,써니밸리 아파트,127.134258207,37.2507064212,1,0
1768,현대홈타운4차4단지,127.1160176183,37.3221023447,1,0
1769,용인 금광베네스타,127.2081010267,37.2000113173,1,0
1770,에이스카운티,127.208656949,37.2022773816,1,0
1771,광교마을 45단지 아파트,127.0635214349,37.2980989529,1,0
1772,행정타운늘푸른오스카빌 아파트,127.1705502564,37.2376125911,1,0
1773,백현마을한라비발디2단지,127.1607957865,37.2802851691,1,0
1774,신동백롯데캐슬에코2단지,127.1475163899,37.2845049061,1,0
1775,죽전1차힐데스하임,127.1147788088,37.3057660031,1,0
1776,푸른마을푸르지오 아파트,127.0800414331,37.3141958444,1,0
1777,흥덕힐스테이트 아파트,127.0744654935,37.2790230003,1,0
1778,온누리마을 아파트(3군사령부),127.2939951049,37.3771746568,1,0
1779,모현농협 하나로마트,127.2490039493,37.3358920247,1,0
1780,이마트 동백점,127.1515990011,37.2779942485,1,0
1781,상현마을성원상떼빌3차,127.076999667,37.300538167,1,0
1782,예현마을현대홈타운,127.0673686391,37.2412122962,1,0
1783,처인구코아루아파트,127.2372487585,37.2578541056,1,0
1784,광교마을46단지 광교스타클래스,127.076070421,37.3006829337,1,0
1785,교동마을쌍용,127.126934417,37.3033748564,1,0
1786,금화마을주공4단지,127.1095178683,37.2621607162,1,0
1787,도담마을우미이노스빌1차,127.119891229,37.325915257,1,0
1788,성동마을LG빌리지3차,127.0718962076,37.3186233481,1,0
1789,심곡마을광교힐스테이트,127.0727263455,37.3090502517,1,0
1790,엘지빌리지 5차 A단지,127.0826276201,37.3188361936,1,0
1791,화성파크드림아파트,127.1117928475,37.2484483191,1,0
1792,용인실내체육관,127.2124849161,37.2385467353,1,0
1793,이동읍사무소,127.1961980723,37.1411206537,1,0
1794,양지면사무소,127.2798397089,37.2354873465,1,0
1795,원삼면사무소,127.3132635496,37.1665888025,1,0
1796,유림동주민센터,127.2120516757,37.2528560794,1,0
1797,용인자연휴양림,127.2678463108,37.314874886,1,0
1798,동부도서관,127.1904014636,37.2334807808,1,0
1799,동부동주민센터,127.2191759596,37.2327714586,1,0
1800,기흥구청,127.1146907355,37.2804469419,1,0
1801,신갈동주민센터,127.1067684,37.2726044934,1,0
1802,영덕동주민센터,127.0676610841,37.2708132014,1,0
1803,상현도서관,127.0742876201,37.2999596329,1,0
1804,아르피아주차장,127.1047628204,37.3256196634,1,0
1805,기후변화체험센터,127.2228331845,37.2225900239,1,0
1806,신정마을성지아파트,127.085985,37.321562,1,0
1807,현대프레미오아파트,127.073495788,37.3068620627,1,0
1808,동일하이빌2차아파트,127.127509584,37.2939710234,1,0
1809,경남아너스빌2차,127.060104,37.3153,1,0
1810,연원마을성원아파트,127.110389,37.303477,1,0
1811,신봉엘지자이1차,127.077697526,37.3254459079,1,0
1812,동부센트레빌5차,127.06624,37.33169,1,0
1813,구성역 효성해링턴플레이스,127.115933801,37.2969094957,1,0
1814,금호베스트빌2단지아파트,127.08054818,37.3027775832,1,0
1815,성복자이1차아파트,127.064869071,37.3176038346,1,0
1816,만현마을 롯데캐슬아파트,127.089743,37.311645,1,0
1817,꽃메마을한라신영프로방스아파트,127.11382534,37.321262909,1,0
1818,도담마을푸르지오,127.114912565,37.3239829771,1,0
1819,새터마을푸르지오,127.122619387,37.3314538064,1,0
1820,신봉동부센트레빌6단지,127.064950122,37.3331303848,1,0
1821,마평라이프아파트,127.214453,37.231998,1,0
1822,가현마을신안아파트,127.112415468,37.2836370002,1,0
1823,보정한화꿈에그린아파트,127.106990145,37.3065914406,1,0
1824,금화마을대우현대아파트,127.11038069,37.2647621236,1,0
1825,동문6차굿모닝힐아파트,127.098307,37.34019,1,0
1826,동문3차아파트,127.093193,37.337901,1,0
1827,동천마을 현대2차홈타운,127.095842,37.338305,1,0
1828,광교경남아너스빌,127.067345196,37.2984302224,1,0
1829,현대모닝사이드1차,127.119661,37.251322,1,0
1830,용인수목원우림필유,127.2380792441,37.29448991414,1,0
1831,호반베르디움,127.153228,37.293085,1,0
1832,서천마을4단지,127.075058,37.235981,1,0
1833,상현엘지자이아파트,127.0881606525,37.30377095575,1,0
1834,새천년그린빌1단지아파트,127.1106570811,37.2899231285,1,0
1835,경남아너스빌,127.0914414374,37.27453203501,1,0
1836,신세계 경기점,127.1079978175,37.324989636392,1,0
1837,죽전 동성1차,127.1108269259,37.33073560441,1,0
1838,용인도시공사 평온의숲,127.2270314,37.119502056,1,0
1839,상현2동 행정복지센터,127.0865,37.3102,1,0
1840,죽전1동 행정복지센터,127.1141,37.3313,1,0
1841,남사 현대리바트,127.15987689,37.140863711,1,0
1842,모현읍행정복지센터,127.24267,37.32997,1,0
1843,창리 제1공영주차장,126.4788,37.72276,1,0
1844,모현다목적복지회관,127.23110309,37.342327811,1,0
1845,더테라스힐 2차,127.0682243,37.3424172,1,0
1846,동천더샵파크사이드,127.08635,37.338672,1,0
1847,내대지마을푸르지오,127.1269599,37.3305315,1,0
1848,성동마을엘지빌리지1차,127.0758874,37.3171145,1,0
1849,용인세정상가,127.0704919,37.27406881,1,0
1850,수지 동일스위트,127.0819226,37.30439977,1,0
1851,용인 흥덕노블레스,127.0737418,37.27649333,1,0
1852,용인시 현대블루핸즈(구성서비스),127.1425919566,37.28274850941,1,0
1853,용인시 이마트(수지점),127.083327,37.319760996,1,0
1854,용인시 이마트(죽전점),127.11019013,37.325142607,1,0
1855,용인시 이마트(용인점),127.189147,37.231418,1,0
1856,용인시 이마트(보라점),127.10511396,37.247675116,1,0
1857,용인시 이마트TR(구성점),127.105103,37.304958,1,0
1858,용인시 삼성화재교통박물관,127.2169537,37.3003716,1,0
1859,용인시 수진마을2단지 현대효성아파트,127.097065129,37.337444157,1,0
1860,용인시 수지건영아파트,127.086359959,37.327014907382,1,0
1861,용인시 초원마을성원상떼빌,127.1256929,37.2893741,1,0
1862,용인시 수지구 만현마을5단지아파트,127.0871248,37.309296421406,1,0
1863,물푸레마을 경남아너스빌,127.153,37.2976,1,0
1864,이스트팰리스4단지아파트,127.085,37.3356,1,0
1865,원천마을 푸르지오아파트,127.101,37.3424,1,0
1866,용인성복힐스테이트3차아파트,127.064,37.321,1,0
1867,참솔마을 월드메르디앙아파트,127.154,37.2649,1,0
1868,서그내마을SKVIEW아파트,127.072,37.2445,1,0
1869,수지동문굿모닝힐5차아파트,127.096,37.34,1,0
1870,이동읍화산C.C,126.932,37.3854,1,0
1871,신봉마을자이2차아파트,127.075,37.3288,1,0
1872,차지비 테스트충전소,127.2555709,37.348032977,1,0
1873,수지푸르지오월드마크상가,127.101,37.3237,1,0
1874,용인일신레져,127.238,37.1854,1,0
1875,한국지엠명지서비스,127.203,37.227,1,0
1876,현대성우5차아파트,127.084,37.3082,1,0
1877,기흥삼성래미안1차아파트,127.113,37.2987,1,0
1878,백현마을상록롯데캐슬아파트,127.15787,37.275959,1,0
1879,롯데캐슬,127.116,37.3285,1,0
1880,광교마을웅진스타클래스,127.075,37.3015,1,0
1881,케이티용인빌딩,127.206,37.2379,1,0
1882,케이티기흥빌딩,127.102,37.2636,1,0
1883,힐스테이트서천5단지,127.075066,37.237797,1,0
1884,케이티수지빌딩,127.102,37.3327,1,0
1885,케이씨씨 중앙연구소,127.13686,37.31261,1,0
1886,수지상현금호3단지아파트,127.082214,37.302947,1,0
1887,㈜대웅제약,127.23624,37.280036,1,0
1888,성산마을카운티스,127.159439,37.273359,1,0
1889,동천마을현대홈타운아파트,127.099068,37.339773,1,0
1890,자연앤스위첸아파트,127.07206,37.278781,1,0
1891,용인행정타운두산위브1단지,127.16547,37.238437,1,0
1892,흥덕마을14단지호반베르디움,127.083333,37.273935,1,0
1893,기흥벽산블루밍아파트,127.116421,37.232817,1,0
1894,용인시 처인구 마평우성아파트,127.21534232,37.235164458685,1,0
1895,용인시 용인수하림,127.212072584,37.2747873686,1,0
1896,용인시 수지현대성우아파트,127.0894406179,37.317836499141,1,0
1897,용인시 에이스동백타워,127.1650915329,37.256344016036,1,0
1898,용인시 우남퍼스트빌아파트,127.1739821359,37.240184587289,1,0
1899,용인시 역북신원아침도시아파트,127.1973159,37.23856938,1,0
1900,용인시 한보라마을휴먼시아6단지,127.1062737802,37.247977649715,1,0
1901,용인시 교동마을LG자이아파트,127.1255659,37.3052577,1,0
1902,용인시 연원마을현대아파트,127.1121077246,37.302708646682,1,0
1903,용인시 용인세브란스병원,127.1482856592,37.270698220998,1,0
1904,용인시 보뜨랑마을벽산블루밍,127.0987959747,37.342544358145,1,0
1905,용인시 신정마을성지아파트,127.0863411065,37.321878314064,1,0
1906,용인시 원천마을푸르지오아파트,127.1012080718,37.342358509168,1,0
1907,용인시 롯데프리미엄아울렛기흥점,127.1209127491,37.225370063377,1,0
1908,용인시 죽전힐스테이트2차,127.1189684,37.3189703,1,0
1909,용인시 기흥테라타워,127.0718941,37.231426,1,0
1910,용인시 기흥역센트럴푸르지오오피스텔,127.1192987,37.2739765,1,0
1911,용인시 샘골마을신미주1단지,127.20499344,37.192114157,1,0
1912,용인시 신한은행기흥연수원,127.115817,37.226043102,1,0
1913,용인시 삼익아파트,127.10621963,37.278208915,1,0
1914,용인시 죽전퍼스트하임,127.11405164,37.329836283,1,0
1915,용인시 솔뫼마을현대홈타운,127.0981505,37.3091077,1,0
1916,용인시 성동마을강남빌리지,127.0768947,37.314434001,1,0
1917,용인시 물푸레마을호반베르디움8단지,127.15359378,37.292925391,1,0
1918,용인시 서그내마을SK뷰아파트,127.0730358,37.2444058,1,0
1919,용인시 블루원용인CC,127.32590016,37.134173221,1,0
1920,용인시 수지CJ빌리지,127.09374989,37.32949523,1,0
1921,용인시 내대지마을진흥더블파크,127.13160789,37.333242788,1,0
1922,용인시 교동마을필그린아파트,127.12023953,37.302760132,1,0
1923,용인시 성동마을엘지빌리지2차,127.07541689,37.313087095,1,0
1924,용인시 에이스카운티아파트,127.20865469,37.202277385,1,0
1925,용인시 기흥역더샾오피스텔,127.11801653,37.27347413,1,0
1926,용인시 광교스타클래스2단지,127.07607064,37.300683924,1,0
1927,용인시 이마트흥덕점,127.0733316,37.2757525,1,0
1928,용인시 대지마을중앙하이츠빌,127.11702313,37.33209461,1,0
1929,상현마을쌍용스윗닷홈2차아파트,127.0772345,37.3018802,1,0
1930,더블유스퀘어광교,127.06811538,37.296895496,1,0
1931,라이프아파트,127.21408537,37.232026054,1,0
1932,동백동원로얄듀크아파트,127.14841108,37.279797933,1,0
1933,상현마을금호베스트빌1단지,127.07907248,37.30545087,1,0
1934,동천센트럴자이아파트,127.09489246,37.341437124,1,0
1935,강남마을한라비발디아델70,127.13108873,37.278733802,1,0
1936,푸른마을용인자이,127.21893324,37.234374326,1,0
1937,진영리더스빌오피스텔,127.18756756,37.233222468,1,0
1938,칼빈대학교,127.1286864,37.3051459,1,0
1939,광교 리치안 오피스텔,127.07002025,37.296577129,1,0
1940,초당마을주공아파트,127.16270513,37.259999242,1,0
1941,백현마을주공9단지(동백동),127.16652141,37.283361868,1,0
1942,하우스디동백카바나아파트,127.14712411,37.285218385,1,0
1943,현대아파트,127.1307234,37.332429326,1,0
1944,경희대학교국제캠퍼스,127.08119879,37.239800152,1,0
1945,죽전4차1단지현대홈타운,127.116813,37.32573,1,0
1946,용인삼환나우빌-102동,127.194599,37.233833,1,0
1947,레이크포레,127.070456,37.355087,1,0
1948,이스트팰리스3단지-1301동,127.089069,37.334115,1,0
1949,기흥역롯데캐슬레이시티-A동,127.113808,37.273403,1,0
1950,기흥역롯데캐슬레이시티-B동,127.114714,37.273083,1,0
1951,성산마을서해그랑블-3104동,127.15537,37.271498,1,0
1952,성산마을서해그랑블-3109동,127.155495,37.270662,1,0
1953,연원마을삼성명가타운-108동,127.108747,37.305336,1,0
1954,연원마을삼성명가타운-111동,127.108372,37.305737,1,0
1955,초당마을코아루-5102동,127.158818,37.263239,1,0
1956,초당마을코아루-5103동,127.158173,37.262907,1,0
1957,진우,127.17177,37.238934,1,0
1958,신정마을9단지-902동,127.090846,37.319951,1,0
1959,한라비발디1단지-A주차장,127.162067,37.28128,1,0
1960,한라비발디1단지-B주차장,127.162068,37.28128,1,0
1961,한라비발디1단지-C주차장,127.162069,37.28128,1,0
1962,영통로효성해링턴플레이스-102동,127.070538,37.245996,1,0
1963,영통로효성해링턴플레이스-107동,127.070624,37.24603,1,0
1964,신정마을9단지-903동,127.091362,37.31982,1,0
1965,신정마을9단지-904동,127.09137,37.319413,1,0
1966,신정마을9단지-907동,127.092191,37.319001,1,0
1967,신정마을9단지-909동,127.093075,37.31912,1,0
1968,강남마을한라비발디,127.13717686,37.2764332182,1,0
1969,용인역북골드클래스,127.184363763,37.230801613267,1,0
1970,수지벽산1단지아파트,127.1068405931,37.336412163175,1,0
1971,역북1단지우남퍼스트빌아파트,127.1968981108,37.242603146797,1,0
1972,금호어울림아파트,127.1977930722,37.236600699348,1,0
1973,용인구성휴먼시아물푸레마을6단지,127.1534475826,37.295457584182,1,0
1974,이편한세상용인한숲시티3단지,127.1719071637,37.16014186819,1,0
1975,6단지상록아파트,127.0864770522,37.318919942302,1,0
1976,코오롱하늘채아파트,127.1279377526,37.269754241463,1,0
1977,흥덕우남퍼스트빌리젠트,127.0821846932,37.280892055049,1,0
1978,대원칸타빌아파트,127.1570933674,37.269729956479,1,0
1979,우남퍼스트빌아파트,127.0817570632,37.319200815831,1,0
1980,용인한숲5단지아파트,127.1699663429,37.158165946184,1,0
1981,우미린센트럴파크아파트,127.1850862676,37.233182851388,1,0
1982,도현마을현대아파트,127.1090284837,37.285530547277,1,0
1983,수원동마을쌍용아파트,127.1371108418,37.257435745646,1,0
1984,양지포레스토리,127.2787328573,37.223798003036,1,0
1985,그대가크레던스아파트,127.1356009934,37.267875151455,1,0
1986,상현마을쌍용2차아파트,127.0772356415,37.301878755232,1,0
1987,역북신원아침도시아파트,127.1972753269,37.238580257235,1,0
1988,흥덕11단지경남아너스빌,127.0766054065,37.281014734291,1,0
1989,역북2단지우남퍼스트빌,127.1968051649,37.241532860935,1,0
1990,초당마을코아루아파트,127.1575925893,37.264748339672,1,0
1991,동백동일하이빌아파트,127.1582233657,37.27957140849,1,0
1992,용인신성아파트,127.1892210932,37.235533451815,1,0
1993,동일하이빌1차아파트,127.125363601,37.294787853245,1,0
1994,인정프린스4차,127.1102669589,37.182038822867,1,0
1995,㈜대륙(민수),127.22946893,37.275126154,1,0
1996,신동백롯데캐슬에코1단지,127.1431634587,37.284423751082,1,0
1997,상현마을쌍용아파트A단지입주자대표회의-1,127.0765339241,37.303400790671,1,0
1998,신일유토빌아파트입주자대표회의-1,127.1395266513,37.270380348707,1,0
1999,신동백롯데캐슬에코2단지입주자대표회의-1,127.1475174037,37.284504364212,1,0
2000,성복자이1차아파트입주자대표회의-1,127.0648680553,37.317603474772,1,0
2001,고등기술연구원 연구조합,127.4144156907,37.147387592129,1,0
2002,신갈현대아파트입주자대표회의,127.1080907052,37.286633467351,1,0
2003,의료법인유일재단,127.21350290511,37.2193592059,1,0
2004,성북역서희스타힐스입주자대표회의-1,127.0712679627,37.315672662021,1,0
2005,성복역서희스타힐스입주자대표회의-2,127.0712679,37.3156727,1,0
2006,새터마을모아미래도입주자대표회의-1,127.122530071,37.330650899843,1,0
2007,죽전신세계쉐덴관리단-1,127.1095438274,37.323319232625,1,0
2008,자연앤4단지/자연앤입주자대표회의,127.132019,37.2700882,1,0
2009,자연앤6단지/자연앤입주자대표회의-1,127.1318497,37.2697067,1,0
2010,이편한세상용인한숲시티2단지-1,127.1737273047,37.161340232616,1,0
2011,한국외국어대학교 글로벌캠퍼스,127.2685889801,37.337738821579,1,0
2012,기흥역롯데캐슬레이시티오피스텔관리단,127.115360306,37.274905618556,1,0
2013,성복역KCC스위첸입주자대표회의,127.0729426,37.3152131,1,0
2014,신동백서해그랑블1차아파트입주자대표회의,127.1465286,37.2804914,1,0
2015,도담마을7단지뜨리에체아파트입주자대표회의,127.11490802,37.32485455,1,0
2016,E편한세상시티수지관리위원회,127.0840191,37.316697781,1,0
2017,호수마을휴먼시아입주자대표회의,127.15424857,37.286182707,1,0
2018,기흥힉스유타워아파트 입주자대표회의,127.09068937,37.269161329,1,0
2019,흥덕우남퍼스트빌리젠트 입주자대표회의,127.08218322,37.280891965,1,0
2020,도담마을휴먼빌아파트 입주자대표회의,127.11779125,37.330022107,1,0
2021,극동임광아파트입주자대표회의,127.08919606,37.322544312,1,0
2022,샬레파인비스타아파트 입주자대표회의,127.10169712,37.32164599,1,0
2023,성복역롯데캐슬골드타운입주자대표회의,127.08321416,37.311264482,1,0
2024,꽃메마을아이파크2차아파트입주자대표회의,127.1203051,37.323661985,1,0
2025,이스턴팰리스입주자대표회의,127.08726851,37.316426291,1,0
2026,만현마을3단지성원상떼빌아파트입주자대표회의,127.09040489,37.309487413,1,0
2027,서천아이파크 입주자대표회의,127.07237483,37.245669425,1,0
2028,진산마을 삼성5차아파트 입주자대표회의,127.09689566,37.316819849,1,0
2029,한라비발디1단지 입주자대표회의(용인)(21년),127.16134915,37.281052912,1,0
2030,흥덕유-타워지식산업센터관리단,127.0800971,37.274890218,1,0
2031,상하동진흥더루벤스2단지아파트 입주자대표회의,127.13807018,37.260484929,1,0
2032,용인죽전동부센트레빌입주자대표회의,127.12572686,37.330820724,1,0
2033,동백라온프라이빗 입주자대표회의,127.16614486,37.280582513,1,0
2034,우림홀인원입주자대표회의,127.11503641,37.228669875,1,0
2035,장미마을삼성래미안 2차 입주자대표회의,127.11939037,37.293235775,1,0
2036,용인신원아파트1차입주자대표회의,127.2157101,37.26745066,1,0
2037,동부센트레빌5단지아파트 입주자대표회의,127.06657284,37.331966251,1,0
2038,성산마을서해그랑블입주자대표회의,127.15546269,37.271511393,1,0
2039,용인동백두산위브더제니스 입주자대표회의,127.15060853,37.28302466,1,0
2040,하늘채아파트 입주자대표회의,127.12793922,37.269755501,1,0
2041,성복역서희스타힐스 입주자대표회의,127.07126796,37.315672662,1,0
2042,예진마을3차아파트입주자대표회의,127.23220969,37.244567506,1,0
2043,성현마을우미이노스빌2차입주자대표회의,127.12396897,37.324899466,1,0
2044,백현마을서해그랑블아파트 입주자대표회의,127.16123051,37.285379679,1,0
2045,기흥역파크푸르지오오피스텔관리단,127.12045097,37.27181016,1,0
2046,초당마을삼부르네상스아파트 입주자대표회의,127.15759236,37.264747619,1,0
2047,강남마을자연앤6단지/자연앤입주자대표회의,127.12989799,37.268944774,1,0
2048,강남마을자연앤4단지/자연앤입주자대표회의,127.13276385,37.270379295,1,0
2049,롯데캐슬아파트입주자대표회의22,127.09007306,37.311217833,1,0
2050,코오롱하늘채수입주자대표회의,127.12949192,37.279358538,1,0
2051,한국외국어대학교글로벌캠퍼스,127.26858898,37.337738821,1,0
2052,연원마을삼성명가타운입주자대표회의,127.10730571,37.304973436,1,0
2053,역북지웰푸르지오입주자대표회의,127.18224341,37.23068902,1,0
2054,동원베네스트 언남타운하우스(3동),127.12885159,37.296504546,1,0
2055,동원베네스트 언남타운하우스(2동),127.12879491,37.296934222,1,0
2056,동원베네스트 언남타운하우스(1동),127.12873865,37.297274155,1,0
2057,E편한세상시티수지관리위원회22,127.08389003,37.316694809,1,0
2058,용인동아아파트입주자대표회의,127.20949431,37.189386099,1,0
2059,서원마을현대홈타운입주자대표,127.0809163,37.309275149,1,0
2060,용인한숲5단지아파트입주자대표회의,127.17012677,37.158170131,1,0
2061,신동백롯데캐슬에코1단지,127.14316492,37.284422938,1,0
2062,버들치마을힐스테이트2차아파트,127.06429883,37.31832272,1,0
2063,초당마을삼부르네상스13단지아파트,127.15890835,37.263305005,1,0
2064,꽃메마을현대4차3단지,127.11807,37.32269,1,0
2065,신동백롯데캐슬에코1단지,127.1431649,37.2844229,1,0
2066,버들치마을성복자이2차,127.0612457,37.3188612,1,0
2067,청현마을기흥데시앙,127.09354506,37.265162268,1,0
2068,고림2차양우내안애에듀퍼스트아파트,127.22119294,37.249187971,1,0
2069,신촌마을죽전스타클래스타운하우스5블럭,127.1127154,37.3061432,1,0
2070,초당마을삼부르네상스13단지아파트,127.1589084,37.263305,1,0
2071,현대파인빌리지 202동,127.092047,37.31116,1,0
2072,용인 동백테라스,127.164074,37.278843,1,0
2073,용인 청안빌라,127.119148,37.332511,1,0
2074,씨엠파트너,127.1745652,37.14030785,1,0
2075,고영테크놀러지 RnD 센터,127.06681595,37.30118445,1,0
2076,서그내빌,127.069603,37.240687,1,0
2077,경기 용인시 기흥구 청명산로43번길 30-18 (저압수용가),127.088648,37.25947,1,0
2078,경기 용인시 기흥구 죽현로 125-53 (저압수용가),127.116515,37.319635,1,0
2079,경기 용인시 기흥구 트리플힐스로 7-28 (저압수용가),127.09027,37.274575,1,0
2080,경기 용인시 처인구 포곡읍 금어로230번길 9 (저압수용가),127.239465,37.268681,1,0
2081,경기 용인시 처인구 포곡읍 영문로29번길 95-20 (저압수용가),127.199205,37.268282,1,0
2082,경기도 용인시 처인구 동부로 19 (저압수용가),127.214071,37.23139,1,0
2083,경기 용인시 수지구 동천로192번길 14 (저압수용가),127.082207,37.338749,1,0
2084,경기 용인시 기흥구 중부대로681번길 76-37 (저압수용가),127.144968,37.264898,1,0
2085,경기 용인시 수지구 동천로 480-9 (저압수용가),127.06891337,37.348505002,1,0
2086,경기 용인시 처인구 모현읍 능원리 264 (저압수용가),127.17310486,37.33695821,1,0
2087,경기 용인시 기흥구 용구대로 1890번길 8-41 (저압수용가),127.10588164,37.256865832,1,0
2088,죽전스타클래스,127.113795,37.306229,1,0
2089,경기 용인시 처인구 신기로 110-13 (저압수용가),127.199768,37.215535,1,0
2090,삼성전자 기흥캠퍼스,127.084338,37.225199,1,0
2091,경기 용인시 처인구 이동읍 원천로 11-28 (저압수용가),127.207803,37.193798,1,0
2092,경기도 용인시 처인구 이동읍 원천로 17번길 4 (저압수용가),127.208438,37.19319,1,0
2093,경기 용인시 기흥구 동백7로 128 (저압수용가),127.163423,37.278175,1,0
2094,경기 용인시 기흥구 탑실로 145-60 (저압수용가),127.117968,37.243524,1,0
2095,하우스디동백테라스 (저압수용가),127.163397,37.279652,1,0
2096,기흥써니밸리아파트,127.11095784,37.231206879,1,0
2097,용인모현스위첸아파트,127.25402679,37.334346714,1,0
2098,스프링카운티자이,127.15034376,37.269358391,1,0
2099,경기 용인시 수지구 신봉1로301번길 6 (저압수용가),127.05616867,37.332092926,1,0
2100,더샵동천이스트포레,127.0908138,37.332830526,1,0
2101,동백라풀리움1단지 (저압수용가),127.16090753,37.264764694,1,0
2102,연원마을 성원아파트,127.11061357,37.303262027,1,0
2103,더리버하임,127.11181326,37.327872639,1,0
2104,동백아펠바움3차 (저압수용가),127.15877691,37.267338781,1,0
2105,더샵수지포레 아파트,127.08850705,37.308305608,1,0
2106,구성자이3차아파트,127.11826017,37.302936928,1,0
2107,기흥ICT밸리 A동,127.11935585,37.280022986,1,0
2108,기흥ICT밸리 B동,127.11795622,37.280561859,1,0
2109,성복역 롯데캐슬파크나인 1차아파트 입주자대표회의,127.0737914,37.310874188,1,0
2110,경기도 용인시 기흥구 동백중앙로54번길 6-37,127.163192,37.261509619,1,0
2111,성현마을반도유보라,127.12241669,37.327672927,1,0
2112,경기 용인시 기흥구 서천동로43번길 5-15 (저압수용가),127.07700482,37.237067558,1,0
2113,용인수지우체국,127.09684358,37.321245318,1,0
2114,용인우체국,127.18064254,37.242004005,1,0
2115,기아 강남대대리점,127.10449075,37.263619721,1,0
2116,경기 용인시 기흥구 청명산로 51 (저압수용가),127.09015719,37.258641081,1,0
2117,경기 용인시 처인구 모현읍 오산로13번길 38-34 (저압수용가),127.16203856,37.331667596,1,0
2118,경기 용인시 처인구 원삼면 두창호수로190번길 28 (저압수용가),127.33890774,37.1413252,1,0
2119,경기 용인시 기흥구 트리플힐스로 7-12 (저압수용가),127.09007206,37.274428474,1,0
2120,경기 용인시 수지구 신봉1로172번길 38 (저압수용가),127.07081759,37.331042662,1,0
2121,경기 용인시 기흥구 동백중앙로54번길 25-87 (저압수용가),127.16446176,37.263822638,1,0
2122,호수마을서해그랑블,127.15782838,37.281737311,1,0
2123,탑실마을대주피오레1단지,127.10780286,37.239062771,1,0
2124,경기 용인시 처인구 양지면 용곡로 6-10 (저압수용가),127.29266147,37.226772813,1,0
2125,경기 용인시 수지구 호수로148번길 19(저압수용가),127.0752253,37.347561236,1,0
2126,경기 용인시 처인구 모현읍 왕림로 68-20 (저압수용가),127.18255181,37.343788922,1,0
2127,기아 신갈지점,127.10812762,37.288082753,1,0
2128,기아 죽전대리점,127.11834729,37.331748829,1,0
2129,기아 용인지점,127.21077646,37.229656383,1,0
2130,경기 용인시 기흥구 탑실로 145-11 (저압수용가),127.11966362,37.243708702,1,0
2131,경기 용인시 처인구 백옥대로884번길 45-10 (저압수용가),127.21172592,37.216307123,1,0
2132,행복횟집,127.213082,37.198437,1,0
2133,㈜올콘텐츠,127.246874,37.337108,1,0
2134,㈜한국전기,127.083375,37.351134,1,0
2135,제이앤제이카페앤바,127.295222,37.226305,1,0
2136,주식회사 피엘웍스,127.10302,37.24389,1,0
2137,세이브솔라,127.256481,37.254575,1,0
2138,모란다목적공영주차장,127.126683,37.429233,1,0
2139,용인동부경찰서,127.180332,37.241187,1,0
2140,용인서부경찰서,127.1073521,37.3090129,1,0
2141,용인시여성회관주차장(지하1층),127.0961594,37.320928,1,0
2142,이마트 죽전점(지상6층주차장),127.110503,37.324794,1,0
2143,경수고속도로(주)(서수지톨게이트),127.059926,37.32746,1,0
2144,서농동주민센터,127.068271,37.23792,1,0
2145,기분좋은날(이용자 제한),127.302097,37.229626,1,0
2146,용인하갈정비소,127.104964,37.252981,1,0
2147,E1수원IC충전소,127.095521,37.270136,1,0
2148,리빙파워센터,127.1142481,37.2234152,1,0
2149,용인구성 휴먼시아 물푸레마을 7단지(입주민 전용),127.151769,37.293039,1,0
2150,처인구청,127.201335,37.234619,1,0
2151,기아오토큐 용인기아서비스,127.2781919,37.2340149,1,0
2152,이케아 기흥점(회원전용),127.1160855,37.222768,1,0
2153,무승(경동택배),127.2091153,37.2756215,1,0
2154,광교상현꿈에그린(입주민 전용),127.07456,37.304806,1,0
2155,스타코리아,127.1126519,37.2443773,1,0
2156,기흥점 기아오토큐(회원전용),127.073235,37.268108,1,0
2157,기아오토큐 공세점,127.1087847,37.2360828,1,0
2158,기흥ICT밸리 SK V1,127.1193558,37.280023,1,0
2159,워시홀릭,127.1055071,37.3209033,1,0
2160,용인소방서,127.1886181,37.2319331,1,0
2161,용인법무연수원(임직원전용),127.1358144,37.2907346,1,0
2162,엠케이전자,127.25182987,37.280781079,1,0
2163,현대블루핸즈 구성자동차정비공장,127.1425928,37.28274776,1,0
2164,나인무인텔,127.3204022,37.2082909,1,0
2165,명가,127.2323835,37.2773797,1,0
2166,금화마을대우현대아파트,127.1108474,37.2647013,1,0
2167,플랫폼시티아이브오피스텔,127.110283,37.2983631,1,0
2168,삼천리 에버랜드 복합충전소(완속),127.2226093,37.2932724,1,0
