,이름,위도,경도
0,신동백 두산위브더제니스,37.3068791,127.1307873
1,죽전역 솔하임,37.3285451,127.1147347
2,광교상현 솔하임,37.3025152,127.0746681
3,성복역 롯데캐슬 클라시엘(파크나인2차),37.3196014,127.0617329
4,까뮤이스테이트,37.33511645,127.10936054487
5,성복역롯데캐슬파크나인1차,37.31846835,127.06247587844518
6,더샵 동천이스트포레,37.3279766,127.0910384
7,상현더샵파크사이드,37.3093987,127.0878009
8,기흥힉스유타워,37.2665761,127.1351027
10,동천파크자이,37.3311648,127.0896719
11,성복역 롯데캐슬 골드타운,37.3125196,127.0835068
12,동천자이2차,37.3415923,127.0939277
13,신흥덕 롯데캐슬레이시티,37.3011135,127.103161
14,역북신원아침도시,37.2429352,127.1952091
15,용인 에스원 스마트빌,37.3068472,127.237604
16,수지파크푸르지오,37.3258793,127.0995279
18,유메이드 주상복합,37.2351079,127.2010986
20,수지신봉동도센트리움,37.3280451,127.0677934
21,한샘 더랜드마크,37.2990184,127.0638181
22,동천 자이,37.3426472,127.0975365
23,죽전 효성해링턴플레이스,37.3311898,127.1098971
24,기흥우방아이유쉘,37.2777465,127.1001766
25,동백라온프라이빗 테리스파크,37.2852759,127.1552288
26,양우내안애 에듀파크 아파트,37.2422905,127.214091
27,광교상현 꿈에그린,37.3053521,127.0734646
28,역북 지웰푸르지오,37.2300305,127.1836045
29,서천효성해링턴플레이스,37.2452093,127.0738492
31,동백코아루스칸디나하우스,37.282445,127.1583908
32,영통로 효성해링턴플레이스,37.2441747,127.0692172
33,레이크포레,37.3026799,127.0841428
34,수지 동도센트리움,37.3122455,127.0913209
35,역북2단지 우남퍼스트빌,37.30410985,127.08027223092888
36,역북1단지 우남퍼스트빌,37.237902,127.0776234
37,신동백 동도센트리움,37.3220175,127.1021596
39,힐스테이트 서천,37.323921,127.0948439
40,용인 에이스카운티,37.3271735,127.0855843
42,서천2차IPARK,37.3124268,127.0787946
45,수지 삼성 1차아파트,37.3331569,127.0960666
46,수지 한성아파트,37.3333285,127.1056551
47,수지 건영아파트,37.3278186,127.1291756
48,수지 삼성2차아파트,37.3264335,127.1184717
51,수지 동문아파트,37.3171729,127.0867672
52,우성그린빌,37.3168587,127.0874755
54,도담마을 휴먼빌,37.3258377,127.0967851
56,수지 동보4차아파트,37.3174854,127.0965414
57,수지 동보3차아파트,37.3244962,127.098123
61,정자뜰마을 태영데시앙 1차아파트,37.3188145,127.0868435
62,진산마을 삼성7차,37.318993,127.085118
63,진산마을 삼성6차,37.325273,127.0953972
65,신정마을 현대성우A,37.3225394,127.0884924
66,신정마을 9단지 주공A,37.3233488,127.0899475
68,신정마을 7단지상록,37.3149192,127.0937358
69,신정마을 6단지상록,37.3142718,127.0826103
70,신정마을 진흥아파트,37.3235818,127.1008171590469
71,신정마을 우성A,37.329649,127.0693699
72,신정마을 성지A,37.3280603,127.0750061
73,신정마을 극동.임광A,37.3415099,127.0993801
74,신정마을 현대프라임,37.32935795,127.12716176690176
75,수지 동보1차아파트,37.3269601,127.1244861480497
76,수지진산마을푸르지오,37.3223284,127.1130322
77,정자뜰마을 태영데시앙 2차아파트,37.3295164,127.1332921
78,수지푸르지오 월드마크,37.2961016,127.076756
80,수지웰스톤시티,37.3262579,127.0736731
81,내대지마을 주공2단지아파트,37.3126925,127.0789381
84,내대지마을 주공아파트,37.3143159,127.0700016
86,광교마을 45단지,37.318,127.0591696
87,신봉마을 LG빌리지5차 A단지,37.321986,127.0797096
90,성동마을 강남빌리지,37.3317663,127.1214258
91,용인 성복아이파크,37.3273104,127.1087904
93,창죽마을 수지 벽산2단지,37.3350493,127.1071307
95,신봉마을 LG빌리지5차 B단지,37.3322064,127.1101344
96,신봉마을 LG자이 1차,37.32923025,127.11815084917876
98,대지마을 2차 현대홈타운 ,37.3248592,127.1166338
102,창죽마을 수지 벽산3단지(302-305동),37.3281613,127.1256718
103,죽전아이뷰,37.3304502,127.1105883
104,도담마을 아이파크,37.3360919,127.1044575
106,도담마을 7단지 뜨리에체아파트,37.3309747,127.0667775
107,대지마을 대주한신아파트,37.3243227,127.0809731
108,대지마을 수지길훈1차아파트,37.3235099,127.0831165
109,대지마을 죽전퍼스트하임,37.3234854,127.0818817
110,죽전 현대1차아파트,37.3206602,127.081801
112,창죽마을 수지 벽산1단지,37.3293637,127.0742298
113,내대지마을 용인죽전동부센트레빌,37.3209527,127.0785521
115,서홍마을 한일아파트,37.3327473,127.1137096
116,서홍마을 벽산블루밍,37.32574755,127.11767835
118,서홍마을 4단지(효성.현산),37.328391,127.0698677
119,서홍마을 우남퍼스트빌,37.3257981,127.0683901
120,신봉마을 자이 2차아파트,37.3262307,127.0658155
121,신봉마을 자이3차,37.3328798,127.1151562
122,내대지마을 죽전이편한세상아파트,37.3286144,127.0648305
124,도담마을  현대홈타운 4차 1단지,37.3147153,127.0785801
126,신봉마을 동부센트레빌1단지,37.3415982,127.0987587
127,신봉마을 동일하이빌2단지,37.33995,127.097366
128,신봉마을 동일하이빌3단지,37.3412194,127.0971952
129,대지마을 중앙하이츠빌,37.3359152,127.0854465
130,신봉마을 동일하이빌 4단지,37.3365954,127.0890317
132,성동마을 수지자이2차,37.3370339,127.0912812
134,보뜨랑마을 벽산블루밍아파트,37.2966082,127.0731551
135,동천마을동문굿모닝힐6차,37.3008568,127.0757415
136,동천마을동문굿모닝힐5차,37.2975266,127.0744814
138,한빛마을 래미안이스트팰리스 3단지,37.3069612,127.0740661
139,한빛마을 래미안이스트팰리스 1단지,37.3026709,127.0785225
140,한빛마을 래미안이스트팰리스 2단지,37.3042216,127.0776935
141,심곡마을 광교힐스테이트,37.3045451,127.0793576
144,광교경남아너스빌,37.3029093,127.0801526
145,광교마을 상록자이 아파트,37.3024198,127.0806231
147,상현마을 쌍용1차아파트(A단지),37.3053521,127.0807309
148,상현마을 현대성우2차아파트,37.305808600000006,127.08298395371156
150,상현마을 쌍용2차아파트(B단지),37.3086734,127.0846013
154,상현마을 동일스위트,37.3069962,127.0782904
155,상현마을 금호 베스트빌4단지,37.3097216,127.079244
157,상현마을 성우5차아파트 ,37.3499956,127.0860639
158,상현마을 현대2차아파트,37.3361755,127.1009937
159,서원마을 현대홈타운아파트,37.3182911,127.06428429615649
160,서원마을 3단지 아이파크,37.319083,127.0657429
161,상현마을 성원상떼빌아파트,37.315569,127.0608299
162,서원마을 금호베스트빌 5단지,37.3144422,127.0623748
164,동천마을 영풍아파트,37.3163269,127.0795161
167,버들치마을 성복 힐스테이트 2차,37.32245185,127.0627070604572
168,버들치마을 성복자이1차,37.3107401,127.0818587
170,버들치마을 경남아너스빌 1차,37.304242,127.0899797
171,성동마을 수지자이아파트,37.3096551,127.0902148
172,푸른마을 푸르지오아파트,37.3147528,127.0872644
179,만현마을 3단지 성원상떼빌,37.3034589,127.08506715
181,만현마을 1단지 롯데캐슬아파트,37.3131086,127.092531
183,만현마을 10단지 아이파크,37.3382136,127.0936442
184,만현마을 2단지아이파크,37.3397237,127.0990181
185,상현마을 현대성우3차아파트,37.3393209,127.0968411
188,만현마을 쌍용1차아파트,37.3355934,127.0947149
189,수지 성원아파트,37.3323336,127.1112499
190,만현마을 동보2차아파트,37.3322915,127.1123431
191,동천마을 동문3차아파트,37.3344424,127.1112336
192,동천마을 현대1차홈타운,37.3276495,127.122341233198
199,현인마을 이-편한세상1단지,37.32105785,127.11612605040864
207,꽃메마을 현대홈타운 (4차 4단지),37.3340969,127.1123065
208,꽃메마을 현대홈타운 (4차 3단지),37.3352881,127.1247359
211,벽산블루밍아파트,37.3313812,127.122434
212,꽃메마을 극동스타클래스,37.33089925,127.11977815
215,현인마을 이-편한세상2단지,37.3300832,127.12676104221563
216,새터마을 죽전힐스테이트,37.33263835,127.12884065
217,내대지마을 건영캐스빌,37.3324076,127.1298883
218,새터마을 모아미래도 (301-305동),37.2438645,127.1050914
219,내대지마을 푸르지오아파트,37.2398673,127.0689493
220,내대지마을 진흥더블파크,37.283071,127.1655209
221,내대지마을 광명샤인빌,37.2839261,127.1575426
222,신동백 서해그랑블 2차,37.2706091,127.1339634
223,한보라마을 휴먼시아 7단지,37.2883767,127.1110722
224,서천마을 휴먼시아 3단지(임대),37.2717225,127.0736214
226,백현마을 9단지 주공그린빌,37.2900639,127.1339697
229,흥덕마을 휴먼시아 4단지(임대),37.2754251,127.1427304
230,동백 광명샤인빌,37.2577914,127.1416701
232,금화마을 주공그린빌 6단지,37.2677011,127.1368455
233,금화마을 주공그린빌3단지,37.2619359,127.1361457
236,수원동마을 쌍용아파트,37.2769627,127.0711334
237,강남마을 한라비발디,37.2674744,127.1567299
238,수원동마을 쌍용스윗닷홈 2단지(201-207),37.312003,127.1009117
239,갈천마을 신일유토빌아파트,37.2807251,127.1058435
240,지석마을 진흥더루벤스(1단지),37.2219698,127.118273
241,지석마을 그대가 크레던스,37.3192694,127.1136331
242,서그내마을 에스케이아파트,37.3152573,127.1121144
243,흥덕마을 휴먼시아 1단지(임대),37.320069,127.1108656444493
246,연원마을 금호베스트빌,37.3099023,127.1094087
248,죽현마을 엘지자이,37.3082398,127.1101066
249,죽전 누리에뜰(주상복합),37.30821,127.1118095
250,죽현마을 아이파크,37.3058748,127.1138625
251,죽현마을 동원로얄듀크,37.3027329,127.1139839
252,신촌마을 현대포스홈타운 1단지,37.3017072,127.1095177
253,신촌마을 현대포스홈타운 2단지,37.3393665,127.0940451
254,용인보정 꿈에그린아파트,37.2702781,127.0820446
255,연원마을 성원A,37.2907983,127.1491694
256,넥스빌아파트,37.2943364,127.1461213
257,금화마을 주공그린빌5단지,37.2962509,127.1488303
259,동문그린아파트,37.2433786,127.0677362
261,수지 풍림2차아파트,37.2768496,127.111252
262,흥덕마을 12단지 신동아파밀리에,37.2849128,127.1470835
263,구성 물푸레마을 휴먼시아 9단지,37.2827063,127.1479847
264,구성 물푸레마을 휴먼시아 1단지,37.283354,127.1450797
265,구성 물푸레마을 휴먼시아 2단지,37.2657819,127.0761335
266,구성 물푸레마을 휴먼시아 5단지,37.249791,127.0870457
272,어정마을 롯데캐슬에코 1단지,37.2997031,127.1503097
273,용인 청명 센트레빌,37.2878502,127.14077
274,청명호수마을 신안인스빌1단지,37.2687093,127.1574487
275,물푸레마을 용인구성호반베르디움,37.2724036,127.155465
277,구성 물푸레마을 휴먼시아 6단지,37.2767167,127.1574469
279,구성 물푸레마을 휴먼시아 3단지,37.2778634,127.07877648618692
280,청덕마을 광도와이드빌아파트,37.2766283,127.1515743
281,자봉마을 써니밸리아파트,37.2746338,127.1560631
289,성산마을 남광하우스토리,37.2642753,127.1586514
291,참솔마을 월드메르디앙,37.2352614,127.0754885
293,어은목마을 코아루아파트,37.2781445,127.0726132
295,초당마을 코아루아파트,37.2781443,127.0741353
297,초당마을 현진에버빌,37.277388,127.0790011
298,서천마을 1단지,37.2879802,127.116244
300,흥덕마을 자연앤스위첸,37.2892064,127.1131988
302,흥덕마을 이던하우스,37.274531,127.0996713
303,백현마을 동일하이빌,37.2796078,127.1080689
304,흥덕마을동원로얄듀크,37.27605975,127.10608712519522
307,녹원마을 새천년 그린빌 2단지아파트,37.2825862,127.1132466
309,갈현마을 현대홈타운,37.2931772,127.12849493462818
312,신미주아파트,37.2667361,127.0945468
314,드림랜드아파트,37.2676795,127.077307
315,녹원마을 새천년그린빌 4단지,37.268206000000006,127.09433043792652
317,우남퍼스트빌 리젠트,37.2733608,127.0932083
319,청현마을 기흥데시앙아파트,37.29656725,127.1284884466923
321,영통빌리지,37.29344365,127.12648249949504
325,흥덕마을 13단지 경남아너스빌,37.2914742,127.1311812
327,하마비마을 동일하이빌2차아파트,37.3026184,127.1224789
328,장미마을 삼성래미안 2차 아파트,37.2803333,127.1508955
329,하마비마을 동부센트레빌,37.2797935,127.1490123
331,하마비마을 동일하이빌1차,37.2807841,127.1591508
333,어정마을 동백아이파크,37.2821455,127.1546864
334,한보라마을 휴먼시아6단지,37.2790972,127.1548703
335,교동마을 신창아파트,37.2842213,127.1547263
336,해든마을 동백동문굿모닝힐,37.2832077,127.1605438
339,백현마을 코아루아파트,37.2835542,127.1648491
342,호수마을상록롯데캐슬,37.3035542,127.1237155
343,호수마을 계룡리슈빌,37.2954089,127.1136988
344,백현마을 한라비발디(1단지),37.1633072,127.3704275
346,호수마을 휴먼시아 5단지,37.2331489,127.1983944
347,교동마을 정광아파트,37.235672,127.2147919
348,구성 우림아파트,37.2308737,127.1161576
350,동성아파트,37.28657,127.1531848
353,매화마을 우림홀인원아파트,37.2774626,127.1136877
356,한보라마을 화성파크드림,37.2871034,127.1102318
357,구갈 동부아파트,37.2401914,127.1148758
358,구갈 한성1차아파트,37.2214538,127.0972059
361,안골마을 롯데캐슬,37.2330903,127.1145331
363,세종그랑시아 1차,37.2726513,127.1095378
367,한보라마을 휴먼시아 9단지,37.2774388,127.12885402608929
372,구갈 풍림아파트,37.2463817,127.1662199
373,우림아파트,37.2343808,127.1962711
375,신성아파트,37.3009376,127.1138742
376,진우아파트,37.2759603,127.2058538
377,금령마을 우남퍼스트빌,37.2954906,127.2379055
378,용화마을 태영데시앙아파트 1단지(조합),37.2638753,127.2118611
380,연원마을 현대아파트,37.2665252,127.221606
382,"연원마을 삼호,벽산아파트",37.2765277,127.2196309
385,인정멜로디아파트,37.2549292,127.1186591
386,신원 2차아파트,37.2526147,127.1056681
391,민속마을 현대모닝사이드 1차,37.3013016,127.1184396
394,민속마을 쌍용아파트,37.29875845,127.10994880260417
397,교동마을 마북2차 이편한세상,37.1455348,127.2005507
399,교동마을 현대필그린아파트,37.2401458,127.1667614
401,용인 동아아파트,37.2361373,127.2835649
402,한천마을 금광베네스타,37.2360583,127.2849254
404,용인행정타운 두산위브 2단지,37.2447914,127.1663381
406,양지마을 신원아침도시,37.2376497,127.1890821
407,샘골마을 풍성 신미주아파트 2단지,37.2309836,127.1881504
410,성웅아파트,37.236735,127.1914778
412,인정프린스 2차아파트,37.2319348,127.1089189
413,인정프린스 1차아파트,37.2915271,127.2630991
415,역북마을 신성아파트,37.2473331,127.2261933
416,예원마을 코아루아파트,37.2532302,127.2256267
417,김량장 현대아파트,37.1553673,127.3414987
418,공신연립주택,37.3425006,127.2297456
419,임원마을 영화1차 아파트,37.2345793,127.2165773
420,예진마을 2차아파트,37.23593275,127.21124401920396
421,청와아파트,37.2346745,127.2162434
422,효천마을 신안인스빌 2단지,37.2298302,127.2144155
424,푸른마을 용인자이,37.2461676,127.2299414
425,두보아파트,37.2517182,127.2247608
426,마평 우성아파트,37.2359753,127.2176504
432,양지포레스토리,37.2354917,127.2798585
434,용인웰메이드시티,37.2348923,127.2023827
435,동천 더샵 파크사이드,37.3404884,127.0979986
437,내대지마을 힐스테이트,37.3306479,127.1360707
438,기흥역 롯데캐슬스카이,37.2676173,127.0728663
442,지석마을 진흥더루벤스(2단지),37.2618865,127.1386988
448,원대마을 신갈한신아파트,37.2789668,127.1058181
454,마평 주공아파트,37.23604,127.2136598
463,배머루마을 인정베네치아빌리지,37.2778094,127.2308608
471,삼거마을 삼성래미안 1차아파트,37.2994043,127.108865
475,기흥 호수청구아파트,37.23862,127.10355
479,효천마을 신안인스빌 1단지,37.3297,127.21703
484,수지스카이뷰푸르지오,37.3267136,127.0690252
485,힐스테이트 구성,37.2968835,127.1196012
486,한화 포레나 수지동천,37.341837,127.09929754297052
487,행정타운 주변,37.240867332,127.1779683677
488,국도 42호선 주변,37.2339586516,127.1971687053
489,금호어울림 주변,37.2359752562,127.1949761655
490,문예회관 주변,37.2322958985,127.2043544881
491,양지천 노상주차장,37.2351187384,127.2189631515
492,오성웨딩홀 주변,37.2359510224,127.2023350043
493,용인고등학교 주변,37.2386863711,127.1911339205
494,처인구청 주변,37.2339028499,127.2022195535
495,외대 진입로,37.3367438889,127.2517873261
496,처인성로 주변,37.11373368,127.1512434
497,고당로 주변,37.1645303802,127.3065957791
498,전대리,37.2883661927,127.2154359579
499,용인시청 주변,37.2410774339,127.1754684979
500,구갈1리 소공원 주변,37.2757089331,127.1093394975
501,구갈공원 주변,37.2814208772,127.1143158147
502,구갈119안전센터 주변,37.2778471124,127.1101043722
503,기흥중학교 주변,37.2789736497,127.106669629
504,신갈초등학교 주변,37.2741569772,127.1072761672
505,한신아파트 주변,37.2760520481,127.1067740581
506,유방공영,37.2597745916,127.2166797263
507,탄천둔치,37.2941009575,127.1120694439
508,용인종합운동장,37.238546198,127.2124829987
509,수지체육공원,37.3279001004,127.0971093546
510,포곡읍,37.2778178062,127.2308230747
511,모현읍,37.3295330155,127.2423619013
512,남사면,37.1156815681,127.1505036114
513,이동읍,37.1411203846,127.1961972836
514,원삼면,37.1665894305,127.3132645655
515,역삼동,37.2345597796,127.1881482007
516,동부동,37.2327702908,127.2191740405
517,구갈동,37.2728506853,127.1274238612
518,마북동,37.3015796967,127.1174469653
519,동백동,37.272532574,127.1516872678
520,죽전1동,37.3310501161,127.1139969463
521,기흥노상,37.27216596,127.1069324
522,누리에뜰 노상,37.32186049,127.1104986
523,수지 노상,37.3251759727,127.0992335526
524,풍덕천공영,37.3270833246,127.0997293666
525,중앙노외,37.2350685828,127.2072649301
526,금학공영,37.2361304697,127.201254031
527,중앙공영,37.234093316,127.2084830422
528,보정공영,37.3234073773,127.1105838578
529,상갈공영,37.2658493257,127.1067390203
530,신갈 제1공영,37.2708642009,127.1068933454
531,신갈 제2공영,37.2706622301,127.1043196162
532,전통시장 제1공영,37.2366327909,127.205250623
533,전통시장 제2공영,37.2367144723,127.2078584925
534,상현2동(상현공영),37.3118620375,127.0871219177
535,처인구청,37.2343799583,127.2013371645
536,기흥구청,37.2804471236,127.1146890443
537,수지구청,37.3222219027,127.0974474224
538,중앙동,37.2342357411,127.2056660406
539,구성동,37.2967640172,127.1189814686
540,수지아르피아(죽전2동),37.32613651,127.1059081
541,여성회관,37.3205247736,127.0954989716
543,신갈동(기흥구보건소),37.2726060256,127.1067678384
544,보정동,37.3201885889,127.1130927621
545,용인시청,37.2406659,127.1773752
546,포곡읍사무소,37.2781004,127.2312587
547,죽전휴게소(서울방향),37.3320728,127.1048475
549,기흥휴게소(부산방향),37.2356557,127.105021
551,용인휴게소(강릉방향),37.2458742,127.2429327
553,용인휴게소(서창방향),37.2478126,127.2389965
555,롯데마트 신갈점,37.2722536,127.1088814
558,송전휴게소,37.140527,127.204711
559,금학공영주차장,37.23605,127.20125
561,한국소방산업기술원,37.233967785354,127.14409263
565,용인시민체육센터 제2주차장,37.276565,127.245822
569,구성동주민센터,37.296872,127.118632
571,이마트 수지점,37.319494,127.083188
573,이마트 보라점,37.247346,127.104984
575,죽전휴게소 (서울방향),37.3316793,127.1045386
579,용인서부경찰서,37.3094934,127.1056667
580,운학동예비군훈련장,37.2146582,127.2382608
584,에스지스크린골프,37.257835,127.160884
585,용인스테이타워,37.2716518,127.109405
586,죽전누리에뜰,37.3200176,127.111144
590,동백중앙프라자상가,37.2816769,127.160365
595,삼성래미안1차아파트,37.2990401,127.112783
623,강남앤플러스,37.2710262,127.1260965
625,광교산 한양수자인더킨포크,37.334572,127.057609
628,에버랜드 셔틀버스 주차장,37.2872343,127.2179551
634,에버랜드 홈브릿지 캐빈호스텔,37.28929,127.1980408
636,한국국토정보공사 용인지사,37.232296,127.201209
644,에버랜드 셔틀버스 승강장,37.287300698802,127.2179780482
652,에버랜드 홈브리지 캐빈호스텔,37.289491809,127.19730648
653,어반런드렛,37.310882,127.10486299
657,유니버스트윈1차오피스텔,37.231614,127.18674499
658,유니버스트윈2차오피스텔,37.231546999,127.187295
659,신봉동부센트레빌6단지아파트,37.33231249,127.06579745
669,서홍마을벽산블루밍아파트,37.3237116,127.0829807
671,EV충전소 SK톨게이트주유소 (ev Most),37.260759,127.213156
672,용인 호수청구아파트,37.2400301,127.1025615
675,기흥 금화마을 주공3단지,37.262462,127.1072185
684,기흥 광림남교회,37.2632871,127.1560157
686,기흥 삼정아파트,37.2550937,127.1125646
690,용인 신촌마을포스홈타운2단지,37.3086298,127.1087369
700,한국 대중불교불이종 동도사,37.1077814,127.1983441
702,보리원,37.1885057,127.2787427
703,죽전효성해링턴플레이스,37.3312486,127.1094781
704,대한불교조계종법륜사,37.16964,127.2985036
706,용인 도담마을 한양수자인,37.3252293,127.1188774
708,용인 광교2차푸르지오시티A동,37.2984987,127.0685348
710,용인 광교2차푸르지오시티B동,37.2974413,127.0682402
712,용인 광교2차푸르지오시티C동,37.2973371,127.0687894
715,용인 광교2차푸르지오시티D동,37.2967199,127.0686138
716,지산리조트(퍼블릭하우스),37.2131779,127.3287867
718,지산리조트(클럽하우스),37.2098757,127.3358449
720,용인 흥덕신동아파밀리에,37.2716435,127.0838351
727,용인 흥덕마을5단지 호반베르디움,37.2779756,127.0705934
733,용인 광교푸르지오시티2단지오피스텔,37.2976786,127.0703286
735,용인 광교푸르지오시티3단지오피스텔,37.297136,127.0701724
737,용인 엘리치안오피스텔,37.2960781,127.0692568
738,용인 한성관광개발㈜,37.3070401,127.1231144
743,교동마을신창아파트,37.3054124,127.126609
744,쥬네브문월드,37.2758569,127.151277
755,골든풍산리치안오피스텔,37.2960425,127.0696362
758,광교어드밴스힐오피스텔,37.2959845,127.0699806
761,수지풍덕천한샘더랜드마크,37.3240903,127.1018261
764,광교푸르지오시티1단지,37.2980029,127.0683911
767,동일하이빌4단지(409동),37.3274622,127.0661412
770,동일하이빌4단지(413동),37.3286346,127.0642241
773,동일하이빌4단지(401동),37.3298955,127.065252
776,동일하이빌4단지(405동),37.33021992,127.0648622
779,동일하이빌4단지(413동),37.329102793,127.0649128
782,동일하이빌4단지6(410동),37.3276968,127.0656337
785,동일하이빌4단지7(406동),37.3285258,127.0655103
788,동일하이빌4단지(412동),37.328282996,127.06465258
791,이스트팰리스 4단지1(A2주차장),37.336456032,127.08644772
793,이스트팰리스 4단지2(B2F 41C1기둥),37.33628023,127.08509543
796,이스트팰리스 4단지3(E1주차장),37.335776138,127.0844178
799,이스트팰리스 4단지4(C3주차장),37.335441865,127.08565869
801,수지벽산1단지아파트1(P1주차장),37.336317506,127.10589257
803,수지벽산1단지아파트2(P2주차장),37.336480134,127.10539628
805,수지벽산1단지아파트3(P3주차장),37.336814176,127.10465198
807,효천마을 신안인스빌1(1주차장),37.336841321,127.24487246
810,효천마을 신안인스빌2(2주차장),37.336740032,127.24592159
812,효천마을 신안인스빌3(3주차장),37.336003113,127.24499387
817,양우내안에 에듀퍼스트1(203동),37.249462971,127.21983745
819,양우내안에 에듀퍼스트2(202동),37.248968215,127.21939644
821,양우내안에 에듀퍼스트3(206동),37.248202438,127.21933786
823,양우내안에 에듀퍼스트4(207동),37.247786726,127.22000165
825,양우내안에 에듀퍼스트5(217동),37.248190683,127.22081435
827,양우내안에 에듀퍼스트6(휘트니스),37.248687408,127.22019588
830,동백동일하이빌아파트1(D주차장),37.278512481,127.15770246
832,동백동일하이빌아파트2(E주차장),37.27790988,127.15687808
833,동백동일하이빌아파트3(F주차장 B1F),37.278307365,127.15610088
834,동백동일하이빌아파트4(F주차장 B2F ),37.278685533,127.15630463
835,LIG넥스원 용인하우스 충전소,37.308117217,127.1277414
840,동백 동원로얄듀크(P2주차장),37.28001535692,127.1486961133
843,동백 동원로얄듀크(P1주차장),37.27912749548,127.1489649864
845,용인 성원상떼빌(1-2주차장),37.31416990587,127.0927388044
848,용인 성원상떼빌(1-3주차장),37.31391122254,127.0922731445
851,용인 성원상떼빌(1-6주차장),37.31349646956,127.0926279878
854,용인 행림마을진로아파트,37.3425451551,127.0999923309
856,용인 성현마을광명샤인빌,37.3280361689,127.1318592304
858,용인 신봉동부센트레빌1단지,37.3287847388,127.0696492394
863,용인 벽산블루밍(1-2주차장),37.30912394909,127.0772870452
866,용인 성원상떼빌(1-1주차장),37.31438000137,127.0919634874
869,용인 성원상떼빌(1-4주차장),37.31370332656,127.0931133242
872,용인 성원상떼빌(1-5주차장),37.31350098797,127.0926110719
875,용인 보라마을현대모닝사이드2차아파트,37.25321407158,127.1067680837
883,용인 만현마을2단지아이파크아파트,37.31028325006,127.088078012
890,용인 서홍마을한화꿈에그린아파트,37.32335332289,127.0809627652
892,경기용인 상현마을성원상떼빌3차아파트,37.3004868,127.0783891
908,용인 보뜨랑마을벽산블루밍아파트,37.3425678451,127.0987238924
909,용인 동천역루체스타,37.34046586581,127.1017680889
910,용인 신봉마을엘지빌리지5차아파트1,37.325921,127.0730946
913,용인 벽산블루밍(1-1주차장),37.30946155628,127.0777160444
916,구갈동주민센터,37.2723965,127.1275633
917,구성동주민센터,37.2966832,127.1187801
918,상갈동주민센터,37.2665486,127.107779
919,유림동주민센터,37.2525794,127.2115549
920,죽전1동주민센터,37.3310967,127.1138649
921,용인 중앙동주민센터,37.2341911,127.2053325
922,풍덕천1동주민센터,37.3278516,127.0951075
923,역삼동행정복지센터,37.2344215,127.1881229
924,상현2동행정복지센터,37.3117977,127.0871096
925,상현1동행정복지센터,37.3047197,127.0813488
926,상하동행정복지센터,37.2704886,127.1383476
927,기흥동행정복지센터,37.2315267,127.1155316
928,동백동주민센터,37.2725338,127.1516872
929,용인 삼가풍림아파트,37.24592240246,127.1671246031
931,래미안이스트팰리스1단지1,37.3363056114,127.0873591054
940,영덕동주민센터,37.2778913,127.0744982
941,수진마을2단지아파트_1,37.3374441577,127.0970651293
943,용인김량장동현대아파트,37.2292997224,127.2117513117
946,지석마을진흥더루벤스1단지_1,37.2606186061,127.1367829284
948,지석마을진흥더루벤스1단지_2,37.26099886582,127.1375434244
950,휴먼시아 흥덕마을(A-1),37.2749924019,127.0704520572
952,광교 휴먼시아 41단지,37.2952049371,127.075591219
954,용인 성복자이2차1,37.31879727319,127.0605830298
956,벽산첼시빌2차아파트1,37.31593713214,127.0677105331
958,용인 만현마을 롯데캐슬1,37.31212494707,127.0893041226
962,용인 수지삼성1차1,37.3264205,127.0884353
964,동천동주민센터,37.3418466,127.0991969
965,성복동주민센터,37.316477,127.068997
966,풍덕천2동주민센터,37.3193833,127.0886301
967,수지자이2차아파트 1,37.3191197803,127.0673659086
969,수지자이2차아파트 2,37.31994267448,127.0669243915
971,수지자이2차아파트 3,37.32055535775,127.0669587808
973,수지자이2차아파트 4,37.32205528578,127.0674734535
976,용인상현마을현대2차아이파크,37.30186363041,127.0741157927
982,광교산자이아파트102동,37.32811705739,127.0711910293
985,광교산자이아파트101동,37.3286034001,127.0715469096
987,스파팰리스리가아파트1,37.29255339986,127.1252516262
990,스파팰리스리가아파트2,37.2927614649,127.1244681598
992,스파팰리스리가아파트3,37.29298540675,127.125714736
994,백현마을모아미래도아파트A,37.28378256357,127.160120998
997,백현마을모아미래도아파트B,37.2838422786,127.1609358534
999,백현마을모아미래도아파트C,37.28286578263,127.1601021411
1002,기흥파크뷰 1,37.2874973,127.1177214
1005,기흥파크뷰 2,37.2882001,127.1177338
1008,기흥파크뷰 3,37.2881619,127.1199215
1011,성동마을수지자이1차아파트 1,37.31855882176,127.068265689
1014,성동마을수지자이1차아파트 2,37.31893752163,127.0678034787
1017,성동마을수지자이1차아파트 3,37.32036060702,127.0687524441
1020,성동마을수지자이1차아파트 4,37.32100923252,127.0689561125
1023,청덕마을광도와이드빌아파트,37.2875067393,127.1456773205
1026,민속마을쌍용아파트1,37.25419404419,127.1185150055
1027,민속마을쌍용아파트2,37.25379369951,127.1178944156
1028,민속마을쌍용아파트3,37.25335731545,127.1172681405
1029,민속마을쌍용아파트4,37.25276200654,127.117892808
1030,민속마을쌍용아파트5,37.25219933128,127.1174128793
1031,민속마을쌍용아파트6,37.25270027262,127.1165400854
1032,민속마을쌍용아파트7,37.25315153452,127.1157855595
1033,민속마을쌍용아파트8,37.25372757133,127.1164289473
1034,민속마을쌍용아파트9,37.25430562848,127.1173034267
1035,진산마을삼성래미안7차아파트2,37.31507769167,127.0983269322
1038,진산마을삼성래미안7차아파트3,37.31590674506,127.0982039175
1041,진산마을삼성래미안7차아파트4,37.31560271892,127.0953606408
1043,진산마을삼성래미안7차아파트5,37.31519684386,127.0958677827
1044,진산마을삼성래미안7차아파트1,37.31372597305,127.0985282295
1047,용인 신봉마을동일하이빌3단지아파트2,37.32667411726,127.0656271825
1049,용인 신봉마을동일하이빌3단지아파트1,37.32621836612,127.0669299569
1052,용인 신봉마을동일하이빌3단지아파트4,37.32602947347,127.0663543647
1055,용인 신봉마을동일하이빌3단지아파트3,37.32609251723,127.066405193
1058,만현마을8단지두산위브아파트802동,37.305608251944,127.086211395
1061,만현마을8단지두산위브아파트804동,37.304878096575,127.0866448289
1064,만현마을8단지두산위브아파트807동,37.305021313755,127.0879308784
1067,금화마을주공4단지1,37.26296989559,127.1094705643
1069,금화마을주공4단지2,37.26266731994,127.1102536257
1071,금화마을주공4단지3,37.26214943649,127.1100217683
1073,자봉마을써니밸리아파트1,37.25159286867,127.136776755
1076,자봉마을써니밸리아파트2,37.25144616991,127.1350575558
1079,자봉마을써니밸리아파트3,37.25087398277,127.1350790777
1081,자봉마을써니밸리아파트4,37.25089556729,127.1359019442
1083,자봉마을써니밸리아파트5,37.25034611933,127.1357375202
1085,LG빌리지6차아파트601동,37.31728749637,127.0697537011
1087,LG빌리지6차아파트603동,37.31789103546,127.070013736
1089,LG빌리지6차아파트605동,37.31811684738,127.0690719275
1091,LG빌리지6차아파트606동,37.31876100373,127.0692135388
1093,LG빌리지6차아파트607동,37.31850333225,127.0706968475
1095,LG빌리지6차아파트608동,37.3191321677,127.0708407154
1097,LG빌리지6차아파트610동,37.31939162449,127.0693889856
1099,LG빌리지6차아파트611동,37.32003576042,127.0695644479
1101,LG빌리지6차아파트612동,37.31990918578,127.0702920151
1103,LG빌리지6차아파트614동,37.32063936615,127.0697116706
1105,금호베스트빌4단지1,37.30506224412,127.0810841475
1107,금호베스트빌4단지2,37.30555817539,127.0805545306
1110,연원마을삼성쉐르빌,37.3019635815,127.114831682
1113,신정마을현대프라임1,37.32339169987,127.0901918423
1115,신정마을현대프라임2,37.32351788733,127.0901355808
1118,신정마을현대프라임3,37.32333765515,127.0901692128
1121,성산마을신영지웰아파트1,37.27650143255,127.155606678
1124,성산마을신영지웰아파트2,37.27567578716,127.1565126407
1126,성산마을신영지웰아파트3,37.27539030499,127.1543415613
1128,성산마을신영지웰아파트4,37.27585560668,127.1533671948
1130,꽃메마을극동스타클래스,37.3229002041,127.1218495702
1133,연원마을벽산아파트1,37.30110547021,127.1104394207
1134,연원마을벽산아파트2,37.30051696773,127.1086282775
1135,광교SB타운,37.2982031,127.0705097
1136,수지현대성우3차아파트,37.30322251775,127.0834057342
1141,버들치마을경남아너스빌1차1,37.31534516801,127.0627801008
1143,버들치마을경남아너스빌1차2,37.31343500298,127.0627277481
1145,버들치마을경남아너스빌1차3,37.31282232667,127.0626764751
1147,버들치마을경남아너스빌1차4,37.3159362665,127.0627422359
1149,기흥동부아파트,37.27735453106,127.1147356559
1150,벽산첼시빌2차아파트2,37.31379250356,127.0680019157
1153,벽산첼시빌2차아파트3,37.31433306226,127.068109573
1155,벽산첼시빌2차아파트4,37.31367538211,127.0679792482
1157,벽산첼시빌2차아파트5,37.31550981616,127.0665199766
1159,벽산첼시빌2차아파트6,37.31427096121,127.0664004336
1162,벽산첼시빌2차아파트7,37.3152354578,127.0657018462
1164,벽산첼시빌2차아파트8,37.31446982251,127.0652612166
1167,벽산첼시빌2차아파트9,37.31337127852,127.063946037
1168,꽃메마을현대홈타운4차4단지552동,37.32161667985,127.1160258974
1169,꽃메마을현대홈타운4차4단지553동,37.3210941009,127.1160053504
1170,한숲스퀘어옐로우,37.152843946,127.17021221
1171,용인 만현마을 롯데캐슬2,37.31161125985,127.0894332428
1175,용인 만현마을 롯데캐슬3,37.31121882418,127.0900735171
1179,용인 성복자이2차2,37.31871672405,127.0595111995
1181,용인 성복자이2차3,37.31846517426,127.0580218161
1183,용인 성복자이2차4,37.31802326121,127.0588450361
1185,용인 성복자이2차5,37.31782105954,127.0577674848
1187,용인 성복자이2차6,37.31712693969,127.0584269216
1189,용인 성복자이2차7,37.31719939866,127.0576598346
1191,용인 성복자이2차8,37.3166228085,127.0575127356
1193,용인 수지삼성1차2,37.325722220972,127.0884006643
1195,용인 수지삼성1차3,37.326732968158,127.0892819177
1197,동백 동원로얄듀크(P3주차장),37.28028507208,127.1491702357
1199,신봉동일하이빌2단지204동,37.325417,127.06884449
1201,신봉동일하이빌2단지208동,37.326361,127.0681035
1203,용인 죽전일성트루엘,37.307543,127.10605524
1204,경기용인 광교상록자이4207동앞,37.296061994891,127.0724352641
1206,경기용인 광교상록자이4207동뒤,37.295805323533,127.0722320083
1209,경기용인 광교상록자이4205동,37.29618469178,127.0706872335
1211,경기용인 광교상록자이4204동,37.296860512932,127.0706145558
1214,용인두보아파트,37.235426446086,127.2159561181
1216,용인한숲시티4단지404동,37.157674275742,127.1759307272
1218,용인한숲시티4단지405동,37.157205802768,127.1758789821
1220,경기용인푸른마을용인자이,37.234363947171,127.2185032942
1225,경기용인 엘지빌리지5차1,37.3250871,127.0751766
1227,경기용인 엘지빌리지5차2,37.326376,127.0745234
1230,경기용인 엘지빌리지5차3,37.326205,127.074275
1233,경기용인 기흥동성아파트,37.231165896103,127.112186522
1234,경기용인 꽃메마을현대홈타운,37.324765801902,127.1160126868
1237,죽현마을아이파크1차2주차장,37.317441231768,127.1132983698
1240,죽현마을아이파크1차4주차장1,37.3174412,127.1132983
1247,경기용인 상록데시앙101동,37.31344314494,127.110652627
1248,경기용인 상록데시앙103동,37.312697445524,127.1102702416
1250,용인 서원마을3단지아이파크301동,37.308404831275,127.0814543433
1252,용인 서원마을3단지아이파크303동,37.307504445079,127.0805058465
1255,용인 서원마을3단지아이파크305동,37.308531739465,127.0803377384
1260,경기용인 수지보원아파트105동,37.326117457556,127.0911925037
1262,경기용인 수지보원아파트104동,37.326517788065,127.0908387042
1264,경기용인_초당마을현진에버빌5204동,37.261958668735,127.1589756426
1266,경기용인_초당마을현진에버빌5201동,37.262164037725,127.1603626891
1269,경기용인 수지풍산아파트,37.309996168418,127.0791689511
1272,용인 신봉마을엘지빌리지5차아파트2,37.325921163,127.07309236
1275,강남마을계룡리슈빌아파트1,37.269008552,127.13347635
1282,경기용인 엘지빌리지5차4,37.3272833,127.0741122
1284,경기용인 상록데시앙,37.313442965,127.11065138
1286,경기용인 메종블루아 102동,37.227855198,127.09827092
1287,경기용인 메종블루아 103동,37.228633783,127.09839194
1288,경기용인 메종블루아 104동,37.228726241,127.09750749
1289,경기용인 메종블루아 105동,37.228253554,127.09750463
1290,경기용인_신흥덕롯데캐슬레이시티1,37.2731067,127.1012804
1293,경기용인_신흥덕롯데캐슬레이시티2,37.273106689,127.10128036
1327,경기용인_금전마을리슈빌아파트,37.266791157,127.21548037
1329,경기용인_수지2차삼성1,37.326731637,127.09184438
1332,경기용인 한보라마을휴먼시아5단지 1주차장,37.249129342,127.11072251
1337,경기용인 꽃메마을극동스타클래스아파트,37.3229002,127.12184776
1340,경기용인 물푸레마을경남아너스빌아파트1,37.297087089,127.15360146
1343,경기용인 수지센트럴아이파크1주차장,37.307620805,127.08331606
1351,경기용인 수지센트럴아이파크6주차장,37.307620805,127.083316
1353,경기용인 신봉동부센트레빌6단지 606동,37.333182029,127.06492173
1356,경기용인 신봉동부센트레빌6단지 208동,37.333182,127.06492173
1358,경기용인 신봉자이2차1(B1),37.328520604,127.0730062
1404,경기용인 동도센트리움(B1),37.328303617,127.06726127
1410,경기용인 민속마을쌍용아파트1(B2),37.25168658,127.1175604
1437,경기용인 신봉자이1차1(B1),37.325445546,127.07769944
1446,경기용인 신봉자이1차4(B1),37.325445546,127.077699
1467,경기용인 성산마을신영지웰1(B1),37.275919399,127.15489051
1478,경기용인 웰메이드시티337,37.234583768,127.20724331
1480,경기용인 교동동양파라곤,37.301602343,127.12274438
1485,경기용인 신봉동일하이빌 2단지1(B1),37.3260921,127.06759463
1487,경기용인 신봉동일하이빌 2단지2(B2),37.326092114,127.06759463
1490,경기용인 용인한숲시티4단지,37.159085823,127.17565952
1495,경기용인 광교마을45단지1,37.298078336,127.06348983
1505,경기용인 효성해링턴플레이스1(B3),37.266482105,127.09569866
1520,경기용인 효성해링턴플레이스4(B3),37.2664821,127.09569866
1540,경기용인 광교산자이아파트1(B1),37.328543911,127.07158002
1547,경기용인 광교상록자이1(B1),37.298095161,127.0711361
1560,경기용인 동천파크자이 10kw_(B2),37.332160283,127.09006093
1575,경기용인 대명레이크빌아파트 1,37.265339016,127.09221272
1580,경기용인 임원마을영화1차 1,37.253478166,127.22682749
1586,경기용인 센트럴파크원,37.240064306,127.07131448
1591,경기용인 양우내안애 에듀파크1,37.241851358,127.21485756
1601,경기용인 신동백롯데캐슬에코2단지 1,37.284504364,127.1475174
1619,경기용인 기흥동부아파트,37.277354169,127.11473723
1622,경기용인 삼가풍림아파트1,37.245632686,127.16689054
1628,경기용인 광교상떼빌파크뷰1(B2),37.300538166,127.077
1647,경기용인 스파팰리스리가1(B2),37.29297228,127.12397927
1655,경기용인 창죽마을벽산첼시빌 1,37.337492049,127.10533168
1659,경기용인 극동스타클래스아파트(B1),37.322900205,127.12184776
1660,경기용인 수지샤르망오피스텔,37.319778911,127.09626169
1671,경기용인 꽃메마을현대홈타운2,37.324764449,127.11601313
1674,기흥힐스테이트 입주자대표,37.2747434,127.1179654
1680,푸른마을 푸르지오아파트,37.3164897,127.0795296
1686,주식회사 이브이세상,37.3480329778,127.255570903
1688,용인흥덕34단지아파트관리사무소,37.2746556,127.0748991
1694,용인행정타운 두산위브2단지 입주자대표회의,37.2396709,127.167624
1702,서원마을금호베스트빌5단지 입주자대표회의,37.4497175,127.1045376
1710,용인흥덕4단지 임차인대표회의,37.2714848,127.0736328
1716,㈜한화시스템,37.141394,127.177478
1718,동부센트러빌아파트,37.294946,127.121665
1724,용인시청,37.241291,127.177922
1728,한라프로방스아파트,37.323242,127.11964
1731,용인시청 기흥도서관,37.286087,127.113554
1732,용인시청 동백동주민센터,37.272438,127.151554
1733,용인시청 신봉동주민센터,37.3206662,127.0835545
1734,용인시청 포곡읍사무소,37.277972,127.230936
1735,현대필그린아파트,37.3028139,127.1209641
1743,청명호수마을신안인스빌,37.2550527,127.0888111
1747,죽전아이뷰아파트,37.3322771,127.1101478
1751,삼성쉐르빌아파트,37.273678,127.2211018
1757,공세대주피오레2단지,37.24316,127.12195
1767,용인시 용인시청주차장,37.241676,127.177208
1770,용인시 남사면사무소,37.115997,127.150323
1771,용인시 백암면사무소,37.163551,127.375425
1772,용인시 농촌테마파크,37.172862,127.299313
1773,용인시 용인자연휴양림,37.315379,127.267918
1775,용인시 용인시기후변화체험교육센터,37.223251,127.222625
1776,죽전건영캐스빌아파트,37.3327255,127.1256833
1778,용인시 처인구청부설주차장,37.234422,127.201343
1779,용인휴먼시아8단지,37.2836317,127.1647502
1785,흥덕동원로얄듀크아파트,37.2769224,127.0811144
1791,수지태영데시앙아파트,37.3154528,127.082739
1797,새터마을죽전힐스테이트,37.3323,127.12608
1799,만현마을쌍용1차아파트,35.88499,129.22612
1800,죽전아이뷰아파트,37.332533927,127.1102006
1806,용인성복아이파크아파트,37.322148026,127.06164816
1816,죽전일성트루엘,37.307544678,127.10605288
1818,용인백현마을 경남아너스빌,37.282808849,127.16494928
1824,이너매스자신관리,37.2295187,127.0726577
1827,한성개발주식회사,37.307040068,127.1231144
1830,신갈푸르지오아파트,37.289521386,127.11808557
1837,내대지마을힐스테이트,37.331185369,127.12849635
1848,용인신봉현대그린빌라트,37.325196499,127.07229928
1850,벨라팰리스,37.319273823,127.12061219
1852,이편한세상용인한숲시티3단지,37.160146336,127.17205713
1870,이스트팰리스2단지,37.337138824,127.09067319
1912,진산마을삼성6차아파트,37.318792761,127.09970566
1920,원대마을한신아파트,37.2760359,127.106471
1924,수지풍림2차아파트,37.3416475,127.100253
1927,만현마을10단지아파트,37.3111934,127.0855251
1933,다우기술,37.3332993,127.1372666
1936,녹십자홀딩스,37.3171643,127.1006852
1940,송전마을세광엔리치타워,37.1381386,127.2012865
1950,수지 서홍마을벽산블루밍,37.3241124,127.0829177
1953,수지파크푸르지오아파트,37.3271461,127.0983607
1959,죽전벨라팰리스아파트,37.3190706,127.1203316
1960,꽃메마을한라프로방스,37.3232078,127.1194901
1962,성복자이1차아파트,37.317603474,127.06486805
1978,삼성래미안아파트,37.25231939,127.10680638
1982,용인처인성역사교육관,37.14842098,127.17004538
1983,서농도서관,37.2373581,127.0690063
1985,분당수지U-TOWER,37.338254635,127.10136156
2002,꽃메마을한라프로방스,37.323778313,127.11923265
2004,용인시 용인중앙시장제1공영주차장,37.236653,127.205298
2005,마북이편한세상1차아파트,37.3068933,127.1286712
2007,분당수지유타워,37.3377808,127.1017031
2022,진산마을삼성6차아파트,37.3196173,127.1003899
2029,미성주유소,37.261395,127.213203
2031,롯데슈퍼 용인점,37.23061,127.210347
2032,현대자동차 마북캠퍼스,37.310665,127.138972
2033,수지구청,37.322395,127.097027
2035,아르피아스포츠센터,37.325323,127.104741
2037,중앙공영주차장,37.23425,127.208714
2038,모현면사무소,37.32902,127.243101
2039,현대자동차 마북캠퍼스,37.3108,127.1387
2041,단국대학교 죽전캠퍼스,37.321389,127.124405
2045,용인대학교,37.226692,127.1667
2047,총신대학교 신학대학원,37.248083,127.300531
2049,용인시청소년수련원,37.2147,127.313
2051,용인시 디지털산업진흥원,37.234,127.191298
2052,용인시 축구센터,37.1516,127.318
2053,보정동주민센터,37.319843,127.113152
2055,용인시 농업기술센터,37.172769,127.299017
2057,오토허브,37.267974,127.092861
2058,한국민속촌 주차장,37.257139,127.115071
2066,마북동주민센터,37.301544,127.118119
2067,동백동주민센터,37.272717,127.151747
2068,상갈공영주차장,37.265758,127.106496
2069,세븐일레븐 용인명지대점,37.225017,127.186961
2070,롯데몰 수지점,37.313009,127.081264
2072,기아자동차 수원서비스센터,37.268447,127.072587
2073,기아차 오산교육센터,37.110733,127.137988
2076,기아비전스퀘어,37.221096,127.310582
2080,포곡읍행정복지센터,37.278037,127.230378
2082,코스트코 공세점,37.2381,127.1089
2096,한국델파이,37.29191,127.111462
2097,영통빌리지,37.268075,127.077041
2103,금화마을주공5단지아파트,37.266343,127.112093
2112,물푸레마을4단지 경남아너스빌,37.29751,127.153193
2116,신촌마을포스홈타운1단지아파트,37.311216,127.11024
2126,수진마을4단지신명스카이뷰아파트,37.335662,127.096689
2129,삼성래미안이스트팰리스4차아파트,37.335844,127.085039
2134,어은목마을한라비발디아파트,37.271008,127.158021
2140,죽전e편한세상,37.328818,127.125924
2142,이편한세상용인한숲시티6단지,37.154633,127.173773
2150,예원마을코아루아파트,37.258566,127.23681
2153,지오렌터카 신갈점,37.290501,127.097148
2154,죽전역월드메르디앙,37.326496215,127.11269684
2159,KB증권연수원_용인,37.309819437,127.1340632
2164,기흥벽산블루밍아파트,37.232820325,127.11642334
2172,해든마을동문굿모닝힐,37.279627737,127.1509501
2185,어정마을 서희삼정 아파트,37.279413601,127.14421449
2195,금강아파트,37.234770956,127.1916698
2203,양우내안애에듀퍼스트,37.24884295,127.2191621
2213,기흥힉스유타워,37.269171899,127.08955498
2238,동원로얄듀크,37.319308634,127.11122547
2264,기흥 롯데캐슬스카이,37.27199089,127.10785936
2280,도담마을한양수자인아파트,37.325301206,127.11842531
2285,꽃메마을금강아파트,37.32252741,127.11456559
2288,용인한숲시티4단지,37.15856891,127.17470292
2295,동일하이빌1차,37.294482725,127.12222396
2325,성복힐스테이트1차,37.315660558,127.06962459
2350,휴맥스이브이 영문공장,37.2669138,127.21156167
2354,민속마을신창미션힐,37.253469119,127.12084081
2385,용인 더숨포레스트,37.2864135,127.2091297
2387,원대마을한신,37.275737433,127.10584598
2393,용인신갈푸르지오,37.28947736,127.11875285
2409,기흥역지웰푸르지오,37.273801373,127.11492355
2426,탑실마을대주피오레1,37.244658628,127.12151533
2516,성복역롯데캐슬골드타운,37.31128541,127.08277597
2596,양현마을신안풍림아파트,37.284581297,127.10778217
2600,대우그린카운티,37.218720841,127.13379701
2605,에스테크 조명연구소,37.140811144,127.36930624
2606,기흥SK아펠바움콘도미니엄,37.217048083,127.13580039
2619,육군용인관사하누리아파트,37.234959952,127.19335284
2624,DTC 기간산업인증센터,37.264626863,127.19642722
2626,DTC 효능평가센터,37.263955557,127.19795813
2629,유로핀즈 용인,37.279911872,127.1006002
2630,더샵동천이스트포레,37.331829538,127.09315581
2654,수지에듀파크아파트,37.3171814,127.086761
2655,골드리치안오피스텔,37.2960425,127.06963618
2659,광교2차푸르지오시티A동오피스텔,37.298498739,127.06853482
2660,광교2차푸르지오시티B동오피스텔,37.297441272,127.06824028
2661,광교2차푸르지오시티C동오피스텔,37.297337064,127.06878945
2662,광교2차푸르지오시티D동오피스텔,37.296719866,127.06861385
2663,수지마을동보아파트,37.32577766,127.098087
2675,희망의도시오피스텔,37.242981454,127.07321179
2677,광교지웰홈스오피스텔,37.295013952,127.07858087
2680,블루씨티오피스빌딩,37.332550817,127.12739015
2682,흥덕힐스테이트7단지아파트,37.279021558,127.07446549
2686,삼성 인력개발원 창조관(출입제한),37.2981184,127.1971848
2689,오토허브서비스,37.2693086,127.093768
2690,예아리박물관,37.141322,127.364246
2692,명지대학교 자연캠퍼스,37.221417,127.186017
2698,경희마크329,37.23688264,127.07335752
2702,신동백두산위브더제니스상가,37.283898907,127.15006505
2704,용인갈현현대홈타운505동,37.2820704,127.1069854
2706,용인교동마을현대홈타운109동,37.3003995,127.1250487
2711,용인서천2차아이파크605동,37.2412018,127.076313
2716,용인광교경남아너스빌4304동,37.2980657,127.0676787
2718,용인수지금호베스트빌디에듀2주차장,37.3047341,127.0794111
2720,용인수지금호베스트빌디에듀1주차장,37.3039843,127.0799257
2723,용인기흥두진,37.268878,127.096031
2727,용인서홍마을한일102동,37.324543,127.0810869
2729,용인레이크포레,37.3029229,127.0843442
2731,용인구성휴먼시아물푸레마을325동,37.2996786,127.1510402
2736,용인샘골마을풍성신미주203동,37.1891915,127.2048322
2741,용인LG자이1단지,37.3169568,127.1165005
2744,용인광교산한양수자인302동,37.3351663,127.0558268
2746,용인심곡마을광교힐스테이트,37.3082513,127.0743003
2747,한보라9단지,37.243582,127.107885
2754,벽산4단지아파트,37.33454,127.104934
2760,새릉골품림아파트,37.286848,127.112269
2764,효심의료재단용인서울병원,37.2403912,127.2145364
2766,보성아파트,37.2351717,127.1908773
2770,녹원마을새천년그린빌4단지-1,37.2890994,127.113505
2778,주식회사태화정보통신,37.1106667,127.1153743
2780,파크존 스크린골프장,37.332001,127.0548681
2782,용인기흥해링턴플레이스,37.2653859,127.0971072
2784,용인신갈푸르지오아파트,37.2901247,127.1176337
2789,효성빌라,37.2966723,127.1303428
2792,신동백서해그랑블2차아파트,37.2779795,127.1477726
2797,연원마을LG아파트,37.3015236,127.1073661
2800,동문그린아파트,37.3394518,127.0930616
2804,용인한보라4단지아파트,37.250229,127.1114172
2809,수지센트럴아이파크아파크,37.3068832,127.082685
2810,용화마을태영데시앙2단지아파트,37.2944234,127.1151358
2813,교동마을마북2차대림e편한세상아파트,37.30735,127.1289
2818,용인지사,37.2346810425,127.2054556149
2826,삼라마이다스빌,37.2281356296,127.2096927341
2828,용인행정타운 두산위브2단지,37.2404549529,127.1664228036
2831,교동마을 동양파라곤,37.3016024334,127.1227446064
2838,서천마을 1단지,37.2400638545,127.0713166283
2840,성복힐스테이트1차,37.3147357946,127.0697084749
2842,수원동마을 쌍용스윗닷홈 2단지,37.2561441887,127.1412522344
2844,신동백서해그랑블 1차,37.2804911037,127.1465297969
2847,양현마을풍림 아파트,37.2848697321,127.106447425
2849,대주피오레1단지,37.2390631316,127.1078029804
2852,동백금호어울림타운하우스A,37.2725745868,127.1563776876
2853,동백금호어울림타운하우스B,37.2727219212,127.1539606609
2854,동백하우스토리,37.2742043226,127.1558804446
2856,동아솔레시티 아파트,37.3103708982,127.112268003
2859,래미안 수지 이스트파크,37.3300502179,127.0993303567
2863,래미안이스트팰리스3단지 아파트,37.3340277569,127.0874241718
2864,신동아파밀리에,37.2716426233,127.0838342763
2866,써니밸리 아파트,37.2507064212,127.134258207
2867,현대홈타운4차4단지,37.3221023447,127.1160176183
2868,용인 금광베네스타,37.2000113173,127.2081010267
2869,에이스카운티,37.2022773816,127.208656949
2871,광교마을 45단지 아파트,37.2980989529,127.0635214349
2873,행정타운늘푸른오스카빌 아파트,37.2376125911,127.1705502564
2880,백현마을한라비발디2단지,37.2802851691,127.1607957865
2881,신동백롯데캐슬에코2단지,37.2845049061,127.1475163899
2885,죽전1차힐데스하임,37.3057660031,127.1147788088
2886,푸른마을푸르지오 아파트,37.3141958444,127.0800414331
2887,흥덕힐스테이트 아파트,37.2790230003,127.0744654935
2891,온누리마을 아파트(3군사령부),37.3771746568,127.2939951049
2893,모현농협 하나로마트,37.3358920247,127.2490039493
2895,이마트 동백점,37.2779942485,127.1515990011
2896,상현마을성원상떼빌3차,37.300538167,127.076999667
2897,예현마을현대홈타운,37.2412122962,127.0673686391
2899,처인구코아루아파트,37.2578541056,127.2372487585
2900,광교마을46단지 광교스타클래스,37.3006829337,127.076070421
2902,교동마을쌍용,37.3033748564,127.126934417
2904,금화마을주공4단지,37.2621607162,127.1095178683
2905,도담마을우미이노스빌1차,37.325915257,127.119891229
2906,성동마을LG빌리지3차,37.3186233481,127.0718962076
2911,심곡마을광교힐스테이트,37.3090502517,127.0727263455
2915,엘지빌리지 5차 A단지,37.3188361936,127.0826276201
2919,화성파크드림아파트,37.2484483191,127.1117928475
2920,용인실내체육관,37.2385467353,127.2124849161
2922,이동읍사무소,37.1411206537,127.1961980723
2924,양지면사무소,37.2354873465,127.2798397089
2925,원삼면사무소,37.1665888025,127.3132635496
2927,유림동주민센터,37.2528560794,127.2120516757
2929,용인자연휴양림,37.314874886,127.2678463108
2930,동부도서관,37.2334807808,127.1904014636
2931,동부동주민센터,37.2327714586,127.2191759596
2932,기흥구청,37.2804469419,127.1146907355
2933,신갈동주민센터,37.2726044934,127.1067684
2934,영덕동주민센터,37.2708132014,127.0676610841
2935,상현도서관,37.2999596329,127.0742876201
2936,아르피아주차장,37.3256196634,127.1047628204
2937,기후변화체험센터,37.2225900239,127.2228331845
2938,신정마을성지아파트,37.321562,127.085985
2940,현대프레미오아파트,37.3068620627,127.073495788
2941,동일하이빌2차아파트,37.2939710234,127.127509584
2945,경남아너스빌2차,37.3153,127.060104
2946,연원마을성원아파트,37.303477,127.110389
2947,신봉엘지자이1차,37.3254459079,127.077697526
2950,동부센트레빌5차,37.33169,127.06624
2953,구성역 효성해링턴플레이스,37.2969094957,127.115933801
2955,금호베스트빌2단지아파트,37.3027775832,127.08054818
2958,성복자이1차아파트,37.3176038346,127.064869071
2959,만현마을 롯데캐슬아파트,37.311645,127.089743
2962,꽃메마을한라신영프로방스아파트,37.321262909,127.11382534
2964,도담마을푸르지오,37.3239829771,127.114912565
2966,새터마을푸르지오,37.3314538064,127.122619387
2968,신봉동부센트레빌6단지,37.3331303848,127.064950122
2969,마평라이프아파트,37.231998,127.214453
2970,가현마을신안아파트,37.2836370002,127.112415468
2971,보정한화꿈에그린아파트,37.3065914406,127.106990145
2972,금화마을대우현대아파트,37.2647621236,127.11038069
2973,동문6차굿모닝힐아파트,37.34019,127.098307
2975,동문3차아파트,37.337901,127.093193
2977,동천마을 현대2차홈타운,37.338305,127.095842
2981,광교경남아너스빌,37.2984302224,127.067345196
2982,현대모닝사이드1차,37.251322,127.119661
2987,용인수목원우림필유,37.29448991414,127.2380792441
2990,호반베르디움,37.293085,127.153228
2993,서천마을4단지,37.235981,127.075058
2994,상현엘지자이아파트,37.30377095575,127.0881606525
2997,새천년그린빌1단지아파트,37.2899231285,127.1106570811
3000,경남아너스빌,37.27453203501,127.0914414374
3004,신세계 경기점,37.324989636392,127.1079978175
3006,죽전 동성1차,37.33073560441,127.1108269259
3008,용인도시공사 평온의숲,37.119502056,127.2270314
3010,상현2동 행정복지센터,37.3102,127.0865
3012,죽전1동 행정복지센터,37.3313,127.1141
3013,남사 현대리바트,37.140863711,127.15987689
3015,모현읍행정복지센터,37.32997,127.24267
3025,창리 제1공영주차장,37.72276,126.4788
3027,모현다목적복지회관,37.342327811,127.23110309
3028,더테라스힐 2차,37.3424172,127.0682243
3030,동천더샵파크사이드,37.338672,127.08635
3034,내대지마을푸르지오,37.3305315,127.1269599
3039,성동마을엘지빌리지1차,37.3171145,127.0758874
3044,용인세정상가,37.27406881,127.0704919
3046,수지 동일스위트,37.30439977,127.0819226
3056,용인 흥덕노블레스,37.27649333,127.0737418
3059,용인시 현대블루핸즈(구성서비스),37.28274850941,127.1425919566
3060,용인시 이마트(수지점),37.319760996,127.083327
3062,용인시 이마트(죽전점),37.325142607,127.11019013
3064,용인시 이마트(용인점),37.231418,127.189147
3066,용인시 이마트(보라점),37.247675116,127.10511396
3068,용인시 이마트TR(구성점),37.304958,127.105103
3070,용인시 삼성화재교통박물관,37.3003716,127.2169537
3079,용인시 수진마을2단지 현대효성아파트,37.337444157,127.097065129
3081,용인시 수지건영아파트,37.327014907382,127.086359959
3082,용인시 초원마을성원상떼빌,37.2893741,127.1256929
3094,용인시 수지구 만현마을5단지아파트,37.309296421406,127.0871248
3101,물푸레마을 경남아너스빌,37.2976,127.153
3103,이스트팰리스4단지아파트,37.3356,127.085
3108,원천마을 푸르지오아파트,37.3424,127.101
3109,용인성복힐스테이트3차아파트,37.321,127.064
3113,참솔마을 월드메르디앙아파트,37.2649,127.154
3118,서그내마을SKVIEW아파트,37.2445,127.072
3123,수지동문굿모닝힐5차아파트,37.34,127.096
3136,이동읍화산C.C,37.3854,126.932
3147,신봉마을자이2차아파트,37.3288,127.075
3152,차지비 테스트충전소,37.348032977,127.2555709
3154,수지푸르지오월드마크상가,37.3237,127.101
3158,용인일신레져,37.1854,127.238
3165,한국지엠명지서비스,37.227,127.203
3166,현대성우5차아파트,37.3082,127.084
3178,기흥삼성래미안1차아파트,37.2987,127.113
3199,백현마을상록롯데캐슬아파트,37.275959,127.15787
3209,롯데캐슬,37.3285,127.116
3212,광교마을웅진스타클래스,37.3015,127.075
3215,케이티용인빌딩,37.2379,127.206
3219,케이티기흥빌딩,37.2636,127.102
3227,힐스테이트서천5단지,37.237797,127.075066
3231,케이티수지빌딩,37.3327,127.102
3233,케이씨씨 중앙연구소,37.31261,127.13686
3238,수지상현금호3단지아파트,37.302947,127.082214
3241,㈜대웅제약,37.280036,127.23624
3242,성산마을카운티스,37.273359,127.159439
3248,동천마을현대홈타운아파트,37.339773,127.099068
3250,자연앤스위첸아파트,37.278781,127.07206
3254,용인행정타운두산위브1단지,37.238437,127.16547
3257,흥덕마을14단지호반베르디움,37.273935,127.083333
3262,기흥벽산블루밍아파트,37.232817,127.116421
3264,용인시 처인구 마평우성아파트,37.235164458685,127.21534232
3266,용인시 용인수하림,37.2747873686,127.212072584
3267,용인시 수지현대성우아파트,37.317836499141,127.0894406179
3273,용인시 에이스동백타워,37.256344016036,127.1650915329
3276,용인시 우남퍼스트빌아파트,37.240184587289,127.1739821359
3283,용인시 역북신원아침도시아파트,37.23856938,127.1973159
3287,용인시 한보라마을휴먼시아6단지,37.247977649715,127.1062737802
3297,용인시 교동마을LG자이아파트,37.3052577,127.1255659
3309,용인시 연원마을현대아파트,37.302708646682,127.1121077246
3313,용인시 용인세브란스병원,37.270698220998,127.1482856592
3320,용인시 보뜨랑마을벽산블루밍,37.342544358145,127.0987959747
3322,용인시 신정마을성지아파트,37.321878314064,127.0863411065
3330,용인시 원천마을푸르지오아파트,37.342358509168,127.1012080718
3332,용인시 롯데프리미엄아울렛기흥점,37.225370063377,127.1209127491
3337,용인시 죽전힐스테이트2차,37.3189703,127.1189684
3338,용인시 기흥테라타워,37.231426,127.0718941
3344,용인시 기흥역센트럴푸르지오오피스텔,37.2739765,127.1192987
3349,용인시 샘골마을신미주1단지,37.192114157,127.20499344
3354,용인시 신한은행기흥연수원,37.226043102,127.115817
3355,용인시 삼익아파트,37.278208915,127.10621963
3360,용인시 죽전퍼스트하임,37.329836283,127.11405164
3366,용인시 솔뫼마을현대홈타운,37.3091077,127.0981505
3382,용인시 성동마을강남빌리지,37.314434001,127.0768947
3390,용인시 물푸레마을호반베르디움8단지,37.292925391,127.15359378
3393,용인시 서그내마을SK뷰아파트,37.2444058,127.0730358
3414,용인시 블루원용인CC,37.134173221,127.32590016
3417,용인시 수지CJ빌리지,37.32949523,127.09374989
3419,용인시 내대지마을진흥더블파크,37.333242788,127.13160789
3425,용인시 교동마을필그린아파트,37.302760132,127.12023953
3443,용인시 성동마을엘지빌리지2차,37.313087095,127.07541689
3461,용인시 에이스카운티아파트,37.202277385,127.20865469
3464,용인시 기흥역더샾오피스텔,37.27347413,127.11801653
3469,용인시 광교스타클래스2단지,37.300683924,127.07607064
3475,용인시 이마트흥덕점,37.2757525,127.0733316
3481,용인시 대지마을중앙하이츠빌,37.33209461,127.11702313
3483,상현마을쌍용스윗닷홈2차아파트,37.3018802,127.0772345
3492,더블유스퀘어광교,37.296895496,127.06811538
3495,라이프아파트,37.232026054,127.21408537
3499,동백동원로얄듀크아파트,37.279797933,127.14841108
3507,상현마을금호베스트빌1단지,37.30545087,127.07907248
3524,동천센트럴자이아파트,37.341437124,127.09489246
3541,강남마을한라비발디아델70,37.278733802,127.13108873
3544,푸른마을용인자이,37.234374326,127.21893324
3550,진영리더스빌오피스텔,37.233222468,127.18756756
3560,칼빈대학교,37.3051459,127.1286864
3564,광교 리치안 오피스텔,37.296577129,127.07002025
3568,초당마을주공아파트,37.259999242,127.16270513
3586,백현마을주공9단지(동백동),37.283361868,127.16652141
3598,하우스디동백카바나아파트,37.285218385,127.14712411
3602,현대아파트,37.332429326,127.1307234
3617,경희대학교국제캠퍼스,37.239800152,127.08119879
3648,죽전4차1단지현대홈타운,37.32573,127.116813
3651,용인삼환나우빌-102동,37.233833,127.194599
3656,레이크포레,37.355087,127.070456
3658,이스트팰리스3단지-1301동,37.334115,127.089069
3670,기흥역롯데캐슬레이시티-A동,37.273403,127.113808
3673,기흥역롯데캐슬레이시티-B동,37.273083,127.114714
3676,성산마을서해그랑블-3104동,37.271498,127.15537
3679,성산마을서해그랑블-3109동,37.270662,127.155495
3681,연원마을삼성명가타운-108동,37.305336,127.108747
3684,연원마을삼성명가타운-111동,37.305737,127.108372
3686,초당마을코아루-5102동,37.263239,127.158818
3688,초당마을코아루-5103동,37.262907,127.158173
3689,진우,37.238934,127.17177
3693,신정마을9단지-902동,37.319951,127.090846
3695,한라비발디1단지-A주차장,37.28128,127.162067
3696,한라비발디1단지-B주차장,37.28128,127.162068
3697,한라비발디1단지-C주차장,37.28128,127.162069
3698,영통로효성해링턴플레이스-102동,37.245996,127.070538
3702,영통로효성해링턴플레이스-107동,37.24603,127.070624
3705,신정마을9단지-903동,37.31982,127.091362
3706,신정마을9단지-904동,37.319413,127.09137
3708,신정마을9단지-907동,37.319001,127.092191
3710,신정마을9단지-909동,37.31912,127.093075
3711,강남마을한라비발디,37.2764332182,127.13717686
3721,용인역북골드클래스,37.230801613267,127.184363763
3728,수지벽산1단지아파트,37.336412163175,127.1068405931
3733,역북1단지우남퍼스트빌아파트,37.242603146797,127.1968981108
3737,금호어울림아파트,37.236600699348,127.1977930722
3744,용인구성휴먼시아물푸레마을6단지,37.295457584182,127.1534475826
3749,이편한세상용인한숲시티3단지,37.16014186819,127.1719071637
3758,6단지상록아파트,37.318919942302,127.0864770522
3762,코오롱하늘채아파트,37.269754241463,127.1279377526
3768,흥덕우남퍼스트빌리젠트,37.280892055049,127.0821846932
3772,대원칸타빌아파트,37.269729956479,127.1570933674
3776,우남퍼스트빌아파트,37.319200815831,127.0817570632
3786,용인한숲5단지아파트,37.158165946184,127.1699663429
3796,우미린센트럴파크아파트,37.233182851388,127.1850862676
3806,도현마을현대아파트,37.285530547277,127.1090284837
3816,수원동마을쌍용아파트,37.257435745646,127.1371108418
3826,양지포레스토리,37.223798003036,127.2787328573
3827,그대가크레던스아파트,37.267875151455,127.1356009934
3837,상현마을쌍용2차아파트,37.301878755232,127.0772356415
3843,역북신원아침도시아파트,37.238580257235,127.1972753269
3846,흥덕11단지경남아너스빌,37.281014734291,127.0766054065
3854,역북2단지우남퍼스트빌,37.241532860935,127.1968051649
3859,초당마을코아루아파트,37.264748339672,127.1575925893
3863,동백동일하이빌아파트,37.27957140849,127.1582233657
3868,용인신성아파트,37.235533451815,127.1892210932
3874,동일하이빌1차아파트,37.294787853245,127.125363601
3878,인정프린스4차,37.182038822867,127.1102669589
3881,㈜대륙(민수),37.275126154,127.22946893
3883,신동백롯데캐슬에코1단지,37.284423751082,127.1431634587
3893,상현마을쌍용아파트A단지입주자대표회의-1,37.303400790671,127.0765339241
3903,신일유토빌아파트입주자대표회의-1,37.270380348707,127.1395266513
3913,신동백롯데캐슬에코2단지입주자대표회의-1,37.284504364212,127.1475174037
3919,성복자이1차아파트입주자대표회의-1,37.317603474772,127.0648680553
3928,고등기술연구원 연구조합,37.147387592129,127.4144156907
3934,신갈현대아파트입주자대표회의,37.286633467351,127.1080907052
3937,의료법인유일재단,37.2193592059,127.21350290511
3939,성북역서희스타힐스입주자대표회의-1,37.315672662021,127.0712679627
3941,성복역서희스타힐스입주자대표회의-2,37.3156727,127.0712679
3943,새터마을모아미래도입주자대표회의-1,37.330650899843,127.122530071
3948,죽전신세계쉐덴관리단-1,37.323319232625,127.1095438274
3952,자연앤4단지/자연앤입주자대표회의,37.2700882,127.132019
3961,자연앤6단지/자연앤입주자대표회의-1,37.2697067,127.1318497
3965,이편한세상용인한숲시티2단지-1,37.161340232616,127.1737273047
3976,한국외국어대학교 글로벌캠퍼스,37.337738821579,127.2685889801
3986,기흥역롯데캐슬레이시티오피스텔관리단,37.274905618556,127.115360306
3988,성복역KCC스위첸입주자대표회의,37.3152131,127.0729426
3992,신동백서해그랑블1차아파트입주자대표회의,37.2804914,127.1465286
3994,도담마을7단지뜨리에체아파트입주자대표회의,37.32485455,127.11490802
3999,E편한세상시티수지관리위원회,37.316697781,127.0840191
4001,호수마을휴먼시아입주자대표회의,37.286182707,127.15424857
4006,기흥힉스유타워아파트 입주자대표회의,37.269161329,127.09068937
4011,흥덕우남퍼스트빌리젠트 입주자대표회의,37.280891965,127.08218322
4012,도담마을휴먼빌아파트 입주자대표회의,37.330022107,127.11779125
4017,극동임광아파트입주자대표회의,37.322544312,127.08919606
4021,샬레파인비스타아파트 입주자대표회의,37.32164599,127.10169712
4024,성복역롯데캐슬골드타운입주자대표회의,37.311264482,127.08321416
4029,꽃메마을아이파크2차아파트입주자대표회의,37.323661985,127.1203051
4039,이스턴팰리스입주자대표회의,37.316426291,127.08726851
4044,만현마을3단지성원상떼빌아파트입주자대표회의,37.309487413,127.09040489
4049,서천아이파크 입주자대표회의,37.245669425,127.07237483
4053,진산마을 삼성5차아파트 입주자대표회의,37.316819849,127.09689566
4058,한라비발디1단지 입주자대표회의(용인)(21년),37.281052912,127.16134915
4059,흥덕유-타워지식산업센터관리단,37.274890218,127.0800971
4064,상하동진흥더루벤스2단지아파트 입주자대표회의,37.260484929,127.13807018
4069,용인죽전동부센트레빌입주자대표회의,37.330820724,127.12572686
4073,동백라온프라이빗 입주자대표회의,37.280582513,127.16614486
4077,우림홀인원입주자대표회의,37.228669875,127.11503641
4082,장미마을삼성래미안 2차 입주자대표회의,37.293235775,127.11939037
4113,용인신원아파트1차입주자대표회의,37.26745066,127.2157101
4123,동부센트레빌5단지아파트 입주자대표회의,37.331966251,127.06657284
4139,성산마을서해그랑블입주자대표회의,37.271511393,127.15546269
4144,용인동백두산위브더제니스 입주자대표회의,37.28302466,127.15060853
4165,하늘채아파트 입주자대표회의,37.269755501,127.12793922
4172,성복역서희스타힐스 입주자대표회의,37.315672662,127.07126796
4174,예진마을3차아파트입주자대표회의,37.244567506,127.23220969
4187,성현마을우미이노스빌2차입주자대표회의,37.324899466,127.12396897
4198,백현마을서해그랑블아파트 입주자대표회의,37.285379679,127.16123051
4209,기흥역파크푸르지오오피스텔관리단,37.27181016,127.12045097
4212,초당마을삼부르네상스아파트 입주자대표회의,37.264747619,127.15759236
4237,강남마을자연앤6단지/자연앤입주자대표회의,37.268944774,127.12989799
4240,강남마을자연앤4단지/자연앤입주자대표회의,37.270379295,127.13276385
4241,롯데캐슬아파트입주자대표회의22,37.311217833,127.09007306
4258,코오롱하늘채수입주자대표회의,37.279358538,127.12949192
4272,한국외국어대학교글로벌캠퍼스,37.337738821,127.26858898
4276,연원마을삼성명가타운입주자대표회의,37.304973436,127.10730571
4282,역북지웰푸르지오입주자대표회의,37.23068902,127.18224341
4296,동원베네스트 언남타운하우스(3동),37.296504546,127.12885159
4297,동원베네스트 언남타운하우스(2동),37.296934222,127.12879491
4298,동원베네스트 언남타운하우스(1동),37.297274155,127.12873865
4299,E편한세상시티수지관리위원회22,37.316694809,127.08389003
4301,용인동아아파트입주자대표회의,37.189386099,127.20949431
4304,서원마을현대홈타운입주자대표,37.309275149,127.0809163
4308,용인한숲5단지아파트입주자대표회의,37.158170131,127.17012677
4351,신동백롯데캐슬에코1단지,37.284422938,127.14316492
4407,버들치마을힐스테이트2차아파트,37.31832272,127.06429883
4430,초당마을삼부르네상스13단지아파트,37.263305005,127.15890835
4436,꽃메마을현대4차3단지,37.32269,127.11807
4450,신동백롯데캐슬에코1단지,37.2844229,127.1431649
4518,버들치마을성복자이2차,37.3188612,127.0612457
4530,청현마을기흥데시앙,37.265162268,127.09354506
4538,고림2차양우내안애에듀퍼스트아파트,37.249187971,127.22119294
4548,신촌마을죽전스타클래스타운하우스5블럭,37.3061432,127.1127154
4549,초당마을삼부르네상스13단지아파트,37.263305,127.1589084
4552,현대파인빌리지 202동,37.31116,127.092047
4553,용인 동백테라스,37.278843,127.164074
4555,용인 청안빌라,37.332511,127.119148
4556,씨엠파트너,37.14030785,127.1745652
4557,고영테크놀러지 RnD 센터,37.30118445,127.06681595
4570,서그내빌,37.240687,127.069603
4571,경기 용인시 기흥구 청명산로43번길 30-18 (저압수용가),37.25947,127.088648
4572,경기 용인시 기흥구 죽현로 125-53 (저압수용가),37.319635,127.116515
4573,경기 용인시 기흥구 트리플힐스로 7-28 (저압수용가),37.274575,127.09027
4575,경기 용인시 처인구 포곡읍 금어로230번길 9 (저압수용가),37.268681,127.239465
4576,경기 용인시 처인구 포곡읍 영문로29번길 95-20 (저압수용가),37.268282,127.199205
4577,경기도 용인시 처인구 동부로 19 (저압수용가),37.23139,127.214071
4578,경기 용인시 수지구 동천로192번길 14 (저압수용가),37.338749,127.082207
4579,경기 용인시 기흥구 중부대로681번길 76-37 (저압수용가),37.264898,127.144968
4580,경기 용인시 수지구 동천로 480-9 (저압수용가),37.348505002,127.06891337
4581,경기 용인시 처인구 모현읍 능원리 264 (저압수용가),37.33695821,127.17310486
4583,경기 용인시 기흥구 용구대로 1890번길 8-41 (저압수용가),37.256865832,127.10588164
4584,죽전스타클래스,37.306229,127.113795
4587,경기 용인시 처인구 신기로 110-13 (저압수용가),37.215535,127.199768
4588,삼성전자 기흥캠퍼스,37.225199,127.084338
4605,경기 용인시 처인구 이동읍 원천로 11-28 (저압수용가),37.193798,127.207803
4606,경기도 용인시 처인구 이동읍 원천로 17번길 4 (저압수용가),37.19319,127.208438
4607,경기 용인시 기흥구 동백7로 128 (저압수용가),37.278175,127.163423
4609,경기 용인시 기흥구 탑실로 145-60 (저압수용가),37.243524,127.117968
4610,하우스디동백테라스 (저압수용가),37.279652,127.163397
4612,기흥써니밸리아파트,37.231206879,127.11095784
4613,용인모현스위첸아파트,37.334346714,127.25402679
4638,스프링카운티자이,37.269358391,127.15034376
4663,경기 용인시 수지구 신봉1로301번길 6 (저압수용가),37.332092926,127.05616867
4664,더샵동천이스트포레,37.332830526,127.0908138
4686,동백라풀리움1단지 (저압수용가),37.264764694,127.16090753
4687,연원마을 성원아파트,37.303262027,127.11061357
4704,더리버하임,37.327872639,127.11181326
4708,동백아펠바움3차 (저압수용가),37.267338781,127.15877691
4709,더샵수지포레 아파트,37.308305608,127.08850705
4725,구성자이3차아파트,37.302936928,127.11826017
4733,기흥ICT밸리 A동,37.280022986,127.11935585
4745,기흥ICT밸리 B동,37.280561859,127.11795622
4758,성복역 롯데캐슬파크나인 1차아파트 입주자대표회의,37.310874188,127.0737914
4776,경기도 용인시 기흥구 동백중앙로54번길 6-37,37.261509619,127.163192
4777,성현마을반도유보라,37.327672927,127.12241669
4800,경기 용인시 기흥구 서천동로43번길 5-15 (저압수용가),37.237067558,127.07700482
4802,용인수지우체국,37.321245318,127.09684358
4804,용인우체국,37.242004005,127.18064254
4811,기아 강남대대리점,37.263619721,127.10449075
4812,경기 용인시 기흥구 청명산로 51 (저압수용가),37.258641081,127.09015719
4813,경기 용인시 처인구 모현읍 오산로13번길 38-34 (저압수용가),37.331667596,127.16203856
4814,경기 용인시 처인구 원삼면 두창호수로190번길 28 (저압수용가),37.1413252,127.33890774
4815,경기 용인시 기흥구 트리플힐스로 7-12 (저압수용가),37.274428474,127.09007206
4816,경기 용인시 수지구 신봉1로172번길 38 (저압수용가),37.331042662,127.07081759
4817,경기 용인시 기흥구 동백중앙로54번길 25-87 (저압수용가),37.263822638,127.16446176
4818,호수마을서해그랑블,37.281737311,127.15782838
4865,탑실마을대주피오레1단지,37.239062771,127.10780286
4884,경기 용인시 처인구 양지면 용곡로 6-10 (저압수용가),37.226772813,127.29266147
4885,경기 용인시 수지구 호수로148번길 19(저압수용가),37.347561236,127.0752253
4886,경기 용인시 처인구 모현읍 왕림로 68-20 (저압수용가),37.343788922,127.18255181
4887,기아 신갈지점,37.288082753,127.10812762
4889,기아 죽전대리점,37.331748829,127.11834729
4891,기아 용인지점,37.229656383,127.21077646
4892,경기 용인시 기흥구 탑실로 145-11 (저압수용가),37.243708702,127.11966362
4893,경기 용인시 처인구 백옥대로884번길 45-10 (저압수용가),37.216307123,127.21172592
4894,행복횟집,37.198437,127.213082
4896,㈜올콘텐츠,37.337108,127.246874
4898,㈜한국전기,37.351134,127.083375
4900,제이앤제이카페앤바,37.226305,127.295222
4902,주식회사 피엘웍스,37.24389,127.10302
4904,세이브솔라,37.254575,127.256481
4905,모란다목적공영주차장,37.429233,127.126683
4906,용인동부경찰서,37.241187,127.180332
4907,용인서부경찰서,37.3090129,127.1073521
4908,용인시여성회관주차장(지하1층),37.320928,127.0961594
4909,이마트 죽전점(지상6층주차장),37.324794,127.110503
4921,경수고속도로(주)(서수지톨게이트),37.32746,127.059926
4923,서농동주민센터,37.23792,127.068271
4924,기분좋은날(이용자 제한),37.229626,127.302097
4925,용인하갈정비소,37.252981,127.104964
4926,E1수원IC충전소,37.270136,127.095521
4928,리빙파워센터,37.2234152,127.1142481
4935,용인구성 휴먼시아 물푸레마을 7단지(입주민 전용),37.293039,127.151769
4943,처인구청,37.234619,127.201335
4944,기아오토큐 용인기아서비스,37.2340149,127.2781919
4945,이케아 기흥점(회원전용),37.222768,127.1160855
4954,무승(경동택배),37.2756215,127.2091153
4957,광교상현꿈에그린(입주민 전용),37.304806,127.07456
4962,스타코리아,37.2443773,127.1126519
4963,기흥점 기아오토큐(회원전용),37.268108,127.073235
4964,기아오토큐 공세점,37.2360828,127.1087847
4965,기흥ICT밸리 SK V1,37.280023,127.1193558
4969,워시홀릭,37.3209033,127.1055071
4973,용인소방서,37.2319331,127.1886181
4975,용인법무연수원(임직원전용),37.2907346,127.1358144
4979,엠케이전자,37.280781079,127.25182987
4980,현대블루핸즈 구성자동차정비공장,37.28274776,127.1425928
4982,나인무인텔,37.2082909,127.3204022
4984,명가,37.2773797,127.2323835
4986,금화마을대우현대아파트,37.2647013,127.1108474
4990,플랫폼시티아이브오피스텔,37.2983631,127.110283
4991,삼천리 에버랜드 복합충전소(완속),37.2932724,127.2226093
